GEOIDFQ,cat4_mom_slosh_hightide_maximum,emergency_shelters_count,FEMA_SFHA_intersect,fire_stations_count,igtn_prob_test_maximum,n10_landslide_susc_maximum,onsite_sewage_disposal_count,police_stations_count,slrxa_3pt2ft_acres,staterf_inann_mean,wastewater_plants_count
1500000US150030102051,12.0,1,1,1,0.40000000596,81.0,339,1,129.604577745,78.6000082435,2
1500000US150030080011,12.0,1,1,1,0.839999973774,17.0,1,1,12.8055691376,27.831661733,1
1500000US150070408001,11.0,1,1,1,0.910000026226,81.0,64,1,122.055792763,35.431419399,1
1500000US150010202021,13.0,1,1,1,0.870000004768,81.0,210,1,1.23748429572,170.00046925,2
1500000US150010221021,9.0,1,0,1,0.97000002861,81.0,418,1,56.1030580613,145.636099405,1
1500000US150010220001,8.0,1,0,1,0.939999997616,81.0,476,1,3.44031815316,71.3413477973,1
1500000US150010203001,17.0,1,1,1,0.839999973774,74.0,309,1,0.150082697259,164.58758808,1
1500000US150010210131,11.0,2,1,1,0.829999983311,43.0,380,1,33.6425098205,134.090057244,1
1500000US150010211011,9.0,1,1,1,0.819999992847,81.0,447,1,201.093067176,99.7263958063,1
1500000US150010219021,9.0,1,1,1,0.949999988079,81.0,580,1,94.2778200353,81.8184645334,1
1500000US150010213003,11.0,1,1,2,0.939999997616,81.0,937,1,151.051419985,35.2722656643,1
1500000US150010218002,10.0,1,1,1,1.0,81.0,887,1,95.7701796339,35.9739147983,1
1500000US150090318012,9.0,2,1,1,0.860000014305,81.0,337,1,14.2214943641,34.9121612292,1
1500000US150090305012,10.0,1,1,1,0.829999983311,81.0,8,1,37.2028627284,33.6059887985,1
1500000US150090315031,9.0,1,1,1,0.920000016689,81.0,70,1,64.3024263234,21.9894223213,1
1500000US150090308001,12.0,1,1,1,0.850000023842,81.0,398,1,108.788699384,40.720209695,1
1500000US150090301001,10.0,1,1,1,0.850000023842,81.0,465,1,129.372601801,104.152882615,1
1500000US150090317002,14.0,1,1,1,0.910000026226,81.0,442,1,304.281340071,24.2788856119,1
1500000US150030080012,13.0,1,1,1,0.860000014305,60.0,5,1,2.05000175646,26.7448840671,1
1500000US150090307092,4.0,1,1,1,0.839999973774,45.0,90,1,8.04628036444,12.3974776701,1
1500000US150090307101,9.0,1,1,1,0.879999995232,37.0,88,1,17.5921413345,12.4657782714,1
1500000US150090307091,11.0,1,1,1,0.889999985695,52.0,16,1,46.9592322816,11.9553731283,1
1500000US150010215104,10.0,1,1,1,0.829999983311,81.0,10,1,22.1995427293,33.9049309508,2
1500000US150010216081,11.0,1,1,1,0.759999990463,40.0,31,1,21.6740849229,28.4411777496,1
1500000US150010215103,10.0,1,1,1,0.899999976158,81.0,36,1,3.19304364584,37.2711448669,1
1500000US150010211081,9.0,1,1,1,0.839999973774,81.0,835,1,41.3862668684,111.262779619,1
1500000US150010212041,9.0,1,1,1,0.910000026226,81.0,118,1,5.61244355696,31.9129348572,1
1500000US150010211082,9.0,1,1,2,0.829999983311,48.0,1049,1,31.7918622918,129.829195039,1
1500000US150010217081,17.0,1,1,1,1.0,81.0,306,1,273.344206516,13.7737251393,3
1500000US150010216052,11.0,1,1,1,0.740000009537,50.0,10,1,14.7300656166,27.3219799715,1
1500000US150010212034,9.0,1,1,2,0.850000023842,81.0,133,1,41.9220098927,54.8353917389,1
1500000US150010212043,9.0,1,1,1,0.930000007153,81.0,676,1,5.11896300602,41.1257610152,1
1500000US150010212031,9.0,1,1,3,0.910000026226,81.0,398,1,58.9226399413,66.1668422754,1
1500000US150010216053,10.0,1,1,1,0.819999992847,80.0,130,1,18.4908807794,36.2118089232,1
1500000US150010211071,8.0,2,1,1,0.850000023842,81.0,505,1,3.48855076656,124.46924337,1
1500000US150010215131,12.0,1,1,2,0.980000019073,81.0,553,1,124.46539852,18.396333138,6
1500000US150010210151,9.0,1,1,1,0.819999992847,26.0,908,1,12.6204652264,128.252063108,1
1500000US150010210143,9.0,1,1,1,0.819999992847,24.0,1008,1,8.9731754663,129.462877015,1
1500000US150010211013,8.0,1,1,1,0.850000023842,81.0,613,1,121.335476841,103.342360963,1
1500000US150090307082,10.0,1,1,1,0.879999995232,0.0,4,1,38.5915977328,11.3638347279,1
1500000US150090309033,11.0,1,1,1,0.910000026226,79.0,43,1,27.3411700207,21.6201262223,1
1500000US150090315011,8.0,1,1,1,0.829999983311,45.0,167,1,1.02841761655,35.8119041443,1
1500000US150090315012,8.0,1,1,1,0.879999995232,74.0,66,1,56.903895669,39.9274614935,1
1500000US150090314043,11.0,1,1,1,0.889999985695,0.0,3,1,31.2801766534,13.066590896,1
1500000US150090314041,10.0,1,1,1,0.889999985695,0.0,1,1,17.3911460612,12.6338479042,1
1500000US150090314042,10.0,1,1,1,0.870000004768,0.0,3,1,49.919607584,11.8970667521,1
1500000US150090314022,9.0,1,1,1,0.910000026226,21.0,43,1,24.195093233,14.1173307101,1
1500000US150090316011,10.0,1,1,1,0.920000016689,81.0,1,1,57.1148224242,22.9660353752,3
1500000US150090317003,13.0,1,1,1,0.899999976158,71.0,46,1,99.705342462,12.8078062611,1
1500000US150070401041,10.0,1,1,1,0.829999983311,81.0,346,1,279.557362835,93.608506004,2
1500000US150070402052,14.0,1,1,1,0.439999997616,81.0,333,1,51.0965542712,57.1977957317,1
1500000US150070406031,11.0,1,1,1,0.920000016689,66.0,222,1,58.80612688,35.7418454114,9
1500000US150090317005,13.0,1,1,1,0.889999985695,71.0,218,1,41.6823586947,13.3632259884,2
1500000US150090317004,12.0,1,1,1,0.870000004768,81.0,1,1,4.05039157928,17.3662137727,1
1500000US150070409003,14.0,1,1,1,0.949999988079,21.0,54,1,46.2869857108,20.2188105234,1
1500000US150070409004,13.0,1,1,1,0.930000007153,0.0,255,1,72.6250656303,19.4138697871,1
1500000US150070409006,12.0,1,1,1,0.939999997616,12.0,427,1,69.6416403387,18.8726531665,1
1500000US150070405004,13.0,3,1,1,0.860000014305,81.0,161,1,51.332224044,41.7036077772,3
1500000US150090302012,9.0,1,1,1,0.730000019073,81.0,209,1,7.79223020554,78.9451658869,1
1500000US150090320001,13.0,1,1,1,0.910000026226,81.0,256,1,469.075123796,19.6861334236,13
1500000US150090315032,9.0,1,1,1,0.899999976158,81.0,8,1,45.533069901,30.804082113,2
1500000US150030078092,11.0,1,0,1,0.839999973774,81.0,2,1,0.973053577238,36.7827000618,1
1500000US150070401042,9.0,1,1,1,0.610000014305,24.0,260,1,112.709975772,81.9408105033,2
1500000US150030005003,10.0,1,1,1,0.600000023842,58.0,54,1,25.8489838178,25.7036335685,1
1500000US150039813001,13.0,1,1,1,0.949999988079,47.0,5,1,81.6908373544,31.8158297385,1
1500000US150030005005,10.0,1,1,1,0.550000011921,3.0,6,1,34.8321939811,29.600108737,1
1500000US150030099022,10.0,1,1,1,0.899999976158,16.0,51,1,40.0306722256,30.7836312188,1
1500000US150030002001,9.0,1,1,1,0.600000023842,4.0,8,1,74.1263253004,30.1143649419,1
1500000US150030110001,8.0,1,1,1,0.40000000596,81.0,43,1,0.265989925568,65.2012669146,2
1500000US150030020061,9.0,1,1,1,0.600000023842,0.0,7,1,4.46227902064,26.5483255386,1
1500000US150030020032,7.0,1,1,1,0.600000023842,0.0,4,1,0.796340016789,,1
1500000US150030025001,12.0,1,1,1,0.620000004768,0.0,11,1,10.8717928831,28.9305217743,1
1500000US150030027012,1.0,1,1,1,0.600000023842,49.0,5,1,,31.9488716125,1
1500000US150030053002,11.0,1,1,1,0.910000026226,33.0,1,1,0.984640714169,35.29413414,1
1500000US150030054001,5.0,1,0,1,0.589999973774,0.0,1,1,,32.3368110657,1
1500000US150030057001,12.0,1,1,1,0.939999997616,0.0,103,1,142.192821334,26.22038594,2
1500000US150030058002,3.0,1,0,1,0.689999997616,0.0,1,1,,30.3361935616,1
1500000US150030059001,12.0,1,1,1,0.939999997616,0.0,78,1,78.9262226617,27.6799721241,1
1500000US150030109011,10.0,1,0,1,0.899999976158,0.0,1,1,0.718479051405,38.3791904449,1
1500000US150030102023,7.0,1,1,1,0.519999980927,32.0,29,1,0.029425414539,52.9363016401,1
1500000US150030111031,12.0,1,1,1,0.899999976158,81.0,29,1,27.8866492451,40.5022796631,1
1500000US150030018011,6.0,1,1,1,0.579999983311,0.0,5,1,3.47627083071,25.3790391286,1
1500000US150030018012,7.0,1,1,1,0.589999973774,0.0,1,1,2.36776128636,24.7151699066,1
1500000US150030040001,11.0,1,0,1,0.899999976158,0.0,4,1,,28.1925721169,1
1500000US150030040002,4.0,1,0,1,0.460000008345,0.0,1,1,,28.6723537445,1
1500000US150030109031,9.0,1,1,1,0.810000002384,0.0,1,1,1.98618889034,41.5447582669,1
1500000US150070409005,11.0,1,1,1,0.949999988079,0.0,146,1,25.7605162156,19.3223173618,1
1500000US150030087021,13.0,1,1,1,0.920000016689,21.0,5,1,2.3615690299,23.4153251648,1
1500000US150030083023,8.0,4,0,1,0.899999976158,0.0,199,1,2.96122121883,21.3739185333,1
1500000US150090307061,11.0,1,1,1,0.949999988079,0.0,3,1,41.8025368063,10.6907188014,1
1500000US150030080021,12.0,1,1,1,0.860000014305,59.0,5,1,4.42113521898,29.6203271151,1
1500000US150030078081,12.0,1,1,1,0.850000023842,0.0,6,1,34.7853752842,29.8075264522,1
1500000US150010201002,9.0,1,0,1,0.759999990463,81.0,371,1,29.4564779065,162.134428826,1
1500000US150010201004,10.0,1,0,1,0.740000009537,81.0,184,1,17.7539437752,150.64951246,1
1500000US150010214021,9.0,1,1,1,0.939999997616,81.0,409,1,10.7586052448,40.025931784,1
1500000US150010202022,13.0,1,1,1,0.769999980927,80.0,442,1,4.84373720478,150.625772732,1
1500000US150010206002,8.0,1,1,1,0.810000002384,35.0,287,1,,133.691039332,2
1500000US150010218004,9.0,1,1,1,0.899999976158,81.0,378,1,26.3787251226,75.6322001892,1
1500000US150010218003,8.0,1,1,1,0.920000016689,80.0,533,1,5.18377157164,62.7589070767,1
1500000US150010201003,14.0,1,0,1,0.77999997139,81.0,274,1,69.5065621688,170.144389179,1
1500000US150010203002,19.0,1,1,1,0.75,75.0,48,1,8.23681586335,143.649039529,1
1500000US150010203003,18.0,1,1,1,0.790000021458,74.0,29,1,1.72398592745,146.983680362,1
1500000US150010206001,15.0,1,1,2,0.829999983311,16.0,75,1,168.434466048,129.356161738,1
1500000US150010206003,7.0,1,1,1,0.790000021458,18.0,258,1,31.348412857,129.611833845,1
1500000US150090307081,7.0,2,1,1,0.889999985695,42.0,74,1,12.117342458,11.7061062043,1
1500000US150010215042,20.0,1,1,1,0.949999988079,81.0,185,1,174.630745944,25.486176608,8
1500000US150090314021,9.0,1,1,1,0.870000004768,81.0,216,1,50.2271662061,21.02970597,1
1500000US150090305011,11.0,1,1,1,0.860000014305,72.0,8,1,54.81423931,30.6084053787,1
1500000US150090318011,12.0,1,1,1,0.930000007153,81.0,204,1,106.711370819,22.2107020987,3
1500000US150090317001,11.0,1,1,1,0.910000026226,81.0,317,1,444.50475195,52.3094938757,1
1500000US150090301002,9.0,1,1,1,0.879999995232,81.0,222,1,37.0138888773,69.392148916,1
1500000US150090309022,11.0,1,1,1,0.920000016689,13.0,1,1,32.3025501412,18.6961418499,1
1500000US150090319003,6.0,1,0,1,0.899999976158,0.0,1,1,,16.6514240901,1
1500000US150030077012,10.0,1,1,1,0.899999976158,36.0,4,1,,33.4771614075,1
1500000US150090302011,9.0,1,1,1,0.819999992847,81.0,452,1,26.9479994061,100.711742302,1
1500000US150070408003,14.0,1,1,1,0.850000023842,75.0,75,1,87.814975465,27.5037330627,1
1500000US150070409002,11.0,1,1,1,0.949999988079,81.0,70,1,24.0379440412,20.9133051918,1
1500000US150090319001,12.0,1,1,1,0.939999997616,63.0,113,1,397.627486553,17.2129626578,4
1500000US150030106011,14.0,1,1,1,0.370000004768,35.0,1,1,26.3381036702,53.238266468,1
1500000US150030107012,2.0,1,0,1,0.579999983311,81.0,1,1,,43.087827955,1
1500000US150050319001,9.0,1,1,1,0.829999983311,81.0,2,1,63.7801172448,59.0469017923,1
1500000US150030109012,10.0,1,1,1,0.879999995232,81.0,1,1,7.15821510526,40.9987771407,1
1500000US150030109032,11.0,1,1,1,0.829999983311,38.0,1,1,5.81389976634,40.0043907166,1
1500000US150030109041,4.0,1,0,1,0.439999997616,0.0,1,1,,39.8912226359,1
1500000US150030109042,5.0,1,0,1,0.899999976158,0.0,1,1,,40.5883204142,1
1500000US150030109051,3.0,1,0,1,0.829999983311,0.0,1,1,,38.5196704865,1
1500000US150030111042,12.0,1,0,1,0.850000023842,38.0,2,1,56.3633355083,38.4308513641,1
1500000US150030111052,11.0,1,1,1,0.860000014305,0.0,1,1,3.3434995066,36.7757148743,1
1500000US150070402053,14.0,1,1,1,0.649999976158,81.0,167,1,66.8384227867,52.5007120039,1
1500000US150070402051,15.0,1,1,1,0.639999985695,77.0,209,1,66.6904854618,46.0582833608,1
1500000US150070408002,1.0,1,1,1,0.689999997616,81.0,285,1,,28.7019055106,1
1500000US150079400001,12.0,1,1,1,0.839999973774,81.0,469,1,158.95888727,55.8454585212,1
1500000US150079400002,12.0,1,1,1,0.860000014305,80.0,336,1,116.921665084,44.2105388348,1
1500000US150070402054,10.0,1,1,1,0.639999985695,81.0,372,1,55.8131471014,50.9135844323,1
1500000US150030053001,10.0,1,1,1,0.899999976158,0.0,1,1,2.89299849061,32.185781002,1
1500000US150010220002,8.0,1,1,1,0.959999978542,81.0,376,1,6.30378180383,87.0411271009,1
1500000US150010221022,9.0,1,0,2,0.910000026226,81.0,354,1,21.1857883832,161.607511911,1
1500000US150010204003,21.0,1,1,2,0.800000011921,26.0,54,1,37.5204073013,140.41590271,1
1500000US150010205001,17.0,1,1,1,0.77999997139,0.0,9,1,30.1416717744,135.796904714,1
1500000US150030003012,4.0,1,1,1,0.629999995232,81.0,6,1,,38.8222872019,1
1500000US150030086111,9.0,1,1,1,0.990000009537,81.0,15,1,35.5410706806,27.6237977892,1
1500000US150030096081,7.0,1,1,1,0.810000002384,3.0,1,1,15.0058962961,23.9611504873,1
1500000US150030074001,13.0,3,1,1,0.949999988079,51.0,1,1,88.4643529273,25.3281305298,1
1500000US150030084082,9.0,1,1,1,0.889999985695,0.0,21,1,31.8345709981,21.381698513,1
1500000US150030100001,9.0,1,1,1,0.899999976158,81.0,307,1,282.184577931,51.2183205399,2
1500000US150030105051,11.0,1,1,1,0.310000002384,50.0,11,1,123.481233727,52.9809368503,1
1500000US150030018041,8.0,1,1,1,0.469999998808,0.0,1,1,0.451620345344,25.6289615631,1
1500000US150030103052,12.0,1,1,1,0.370000004768,48.0,6,1,0.602697272765,65.9311605181,1
1500000US150030003011,8.0,1,1,1,0.639999985695,81.0,11,1,0.455832445451,52.1906440959,1
1500000US150030004022,4.0,1,0,1,0.550000011921,81.0,8,1,0.185910830942,38.1579040245,1
1500000US150039900010,10.0,1,1,1,0.540000021458,38.0,1,1,12.8101580626,34.6788781671,1
1500000US150030006002,9.0,1,1,1,0.600000023842,81.0,176,1,27.6623627745,23.9969530667,1
1500000US150030018033,12.0,1,1,1,0.469999998808,0.0,3,1,6.83279176096,,1
1500000US150030024011,12.0,1,1,1,0.629999995232,0.0,1,1,4.09361167171,28.2790031433,1
1500000US150030050004,8.0,1,1,1,0.889999985695,11.0,2,1,,36.7036933899,1
1500000US150030001071,9.0,1,1,1,0.829999983311,81.0,10,1,0.311099352537,35.138632701,1
1500000US150030078082,4.0,1,0,1,0.829999983311,44.0,2,1,,30.5574817657,1
1500000US150030075041,12.0,1,1,1,0.939999997616,28.0,1,1,10.411557754,31.2282619476,1
1500000US150030105053,11.0,1,0,1,0.340000003576,80.0,24,1,2.08388925806,52.5337280273,1
1500000US150030105081,11.0,1,1,1,0.300000011921,76.0,1,1,16.2597748908,47.7369426381,1
1500000US150030096082,9.0,1,1,1,0.980000019073,81.0,82,1,7.56545716348,26.7059770279,1
1500000US150039800001,7.0,1,1,1,0.819999992847,81.0,2,1,48.4700049858,27.4731634898,1
1500000US150030001141,6.0,1,1,1,0.75,14.0,1,1,3.17918729619,27.0360900334,1
1500000US150030073021,11.0,1,1,1,0.949999988079,0.0,1,1,14.8225032864,22.2564953168,1
1500000US150030083013,11.0,1,1,1,0.910000026226,0.0,1,1,11.9257073748,21.716557312,1
1500000US150030073022,5.0,1,0,1,0.939999997616,0.0,1,1,,22.3621814251,1
1500000US150030103033,12.0,1,1,1,0.439999997616,81.0,244,1,329.748672548,67.421586932,1
1500000US150030112011,9.0,1,0,1,0.839999973774,0.0,1,1,1.58264100186,37.5799429757,1
1500000US150030111061,10.0,1,0,1,0.879999995232,75.0,1,1,,35.7099844615,1
1500000US150030036042,8.0,1,1,1,0.180000007153,0.0,1,1,0.127068371923,27.6184740067,1
1500000US150030102021,10.0,1,1,1,0.52999997139,74.0,43,1,12.4945327277,55.7898105719,1
1500000US150030102024,9.0,1,1,1,0.519999980927,57.0,270,1,90.752871127,52.5937395269,1
1500000US150030111053,11.0,1,1,1,0.899999976158,0.0,1,1,1.68305022203,38.2511854172,1
1500000US150030001082,8.0,1,1,1,0.540000021458,23.0,1,1,19.0902276637,33.5844790141,1
1500000US150030001081,8.0,1,1,1,0.810000002384,0.0,29,1,41.0491644788,31.6914568814,1
1500000US150030103053,12.0,1,1,1,0.330000013113,81.0,103,1,56.9345628886,56.4836331095,1
1500000US150030002003,9.0,1,1,1,0.589999973774,81.0,5,1,2.42872009478,32.1944880852,1
1500000US150030087022,13.0,1,1,1,0.949999988079,49.0,5,1,5.63742487746,23.0638780594,1
1500000US150030111051,11.0,2,1,1,0.829999983311,0.0,5,1,8.38392630586,36.4881695339,1
1500000US150030113002,8.0,1,1,1,0.920000016689,81.0,92,1,26.3973762579,45.5499345429,1
1500000US150030111043,11.0,1,0,1,0.860000014305,0.0,1,1,1.70739104227,37.9329541524,1
1500000US150030085021,11.0,1,1,1,0.899999976158,45.0,70,1,245.31571363,21.2507329976,1
1500000US150030078074,1.0,1,0,1,0.860000014305,42.0,2,1,0.092432506807,33.0225410461,1
1500000US150030111064,5.0,1,0,1,0.899999976158,81.0,1,1,,37.0896844864,1
1500000US150030113003,9.0,1,1,1,0.920000016689,3.0,3,1,0.995341333488,39.619203949,1
1500000US150030003022,9.0,1,1,1,0.639999985695,66.0,2,1,52.589586927,30.3927807278,1
1500000US150030083011,13.0,1,1,1,0.990000009537,42.0,2,1,50.2639043392,21.883534323,1
1500000US150039810001,11.0,1,1,1,0.800000011921,65.0,3,1,42.7966597243,44.3358086231,1
1500000US150039811001,10.0,1,1,1,0.930000007153,81.0,1,1,88.0223410781,35.0708901152,1
1500000US150030112021,10.0,1,1,1,0.889999985695,81.0,1,1,14.664519181,32.9313020706,1
1500000US150039803001,10.0,1,1,1,0.879999995232,12.0,223,1,155.58276001,21.5720771854,6
1500000US150030086101,11.0,1,1,1,0.920000016689,22.0,6,1,94.2026622751,22.6262073517,1
1500000US150030005001,10.0,1,1,1,0.569999992847,1.0,2,1,5.77147999621,28.8645085229,1
1500000US150030001072,11.0,1,1,1,0.810000002384,81.0,5,1,61.0803999579,33.7874554721,1
1500000US150030017002,11.0,1,1,1,0.579999983311,81.0,53,1,46.0946927594,22.9947296489,1
1500000US150030020062,11.0,1,1,1,0.639999985695,0.0,6,1,5.22031152146,26.0849189758,1
1500000US150030024012,8.0,1,1,1,0.670000016689,0.0,1,1,3.30604173075,28.7431564331,1
1500000US150030026004,4.0,1,0,1,0.649999976158,0.0,1,1,,31.1470403671,1
1500000US150030052002,10.0,1,1,1,0.910000026226,7.0,1,1,0.606745162111,29.691904068,1
1500000US150030060003,12.0,1,1,1,0.910000026226,30.0,17,1,3.36329519571,32.7633152008,1
1500000US150030057002,12.0,1,0,1,0.910000026226,0.0,12,1,5.10176371726,32.6419210434,1
1500000US150030018031,9.0,1,1,1,,0.0,1,1,0.854093367883,,1
1500000US150030020031,8.0,1,1,1,,0.0,3,1,0.899402662026,25.9234472911,1
1500000US150030020041,7.0,1,1,1,,0.0,1,1,0.737996806455,26.0760974884,1
1500000US150030019011,11.0,1,1,1,0.660000026226,0.0,28,1,87.9851474624,25.1010868436,1
1500000US150030020052,11.0,1,1,1,0.639999985695,0.0,1,1,5.77604444018,27.0022506714,1
1500000US150039814001,13.0,1,1,1,0.930000007153,0.0,40,1,88.4699145796,26.1995807276,1
1500000US150030026003,4.0,1,0,1,0.680000007153,0.0,6,1,,31.9543471336,1
1500000US150030099021,10.0,1,1,1,0.889999985695,25.0,144,1,132.605512884,31.2148964222,4
1500000US150030112014,10.0,1,0,1,0.860000014305,0.0,1,1,4.8340382612,38.5653794607,1
1500000US150030112015,10.0,1,1,1,0.920000016689,0.0,173,1,23.0698240664,37.7081258673,1
1500000US150030112012,10.0,1,0,1,0.889999985695,0.0,3,1,3.92638539248,36.2235976628,1
1500000US150030039001,12.0,1,1,1,0.920000016689,22.0,17,1,39.7994094432,26.1406326294,1
1500000US150030036031,6.0,1,0,1,0.289999991655,0.0,3,1,,29.2212562561,1
1500000US150030036032,6.0,1,0,1,,0.0,1,1,,,1
1500000US150030036041,8.0,1,0,1,0.699999988079,0.0,2,1,3.28077631921,27.5953941345,1
1500000US150030099023,10.0,1,1,1,0.899999976158,41.0,88,1,10.8462833918,30.9207334518,1
1500000US150030111062,12.0,1,1,1,0.860000014305,81.0,1,1,18.8397217296,34.5079129083,1
1500000US150030071001,14.0,2,0,1,0.959999978542,0.0,1,1,1.06336889878,24.1285744985,1
1500000US150030077013,12.0,1,1,1,0.889999985695,28.0,1,1,21.1765186419,30.1604464395,1
1500000US150030001102,8.0,1,1,1,0.879999995232,81.0,27,1,42.0042588836,27.4009942373,1
1500000US150030052001,9.0,1,1,1,0.910000026226,0.0,5,1,0.90587667663,28.5864782333,1
1500000US150030051001,2.0,1,0,1,,0.0,1,1,,30.3880443573,1
1500000US150030050002,8.0,1,1,1,0.910000026226,46.0,3,1,,37.3025016785,1
1500000US150030099024,8.0,1,1,1,0.899999976158,0.0,180,1,27.0536470074,31.4865318934,3
1500000US150030098011,9.0,1,1,1,0.910000026226,81.0,133,1,139.308214494,37.8500542489,2
1500000US150070406042,10.0,1,1,1,0.959999978542,81.0,353,1,34.1320449544,49.3315343677,4
1500000US150070409001,11.0,1,1,1,0.959999978542,81.0,240,1,1409.45237598,29.0747191593,2
1500000US150070406032,11.0,1,1,1,0.949999988079,81.0,595,1,10.9355481271,49.2491344077,4
1500000US150070403022,14.0,1,1,1,0.839999973774,35.0,253,1,135.052647958,42.3779011536,1
1500000US150070401052,12.0,2,1,1,0.600000023842,81.0,657,1,102.26993994,63.5381108071,1
1500000US150070405003,8.0,1,1,1,0.819999992847,81.0,421,1,0.702015718375,47.2445581876,1
1500000US150070401051,10.0,1,1,1,0.810000002384,81.0,340,1,165.963241723,77.3005854696,1
1500000US150070403021,14.0,2,1,1,0.819999992847,80.0,295,1,80.5897358451,41.5023976239,1
1500000US150070404013,17.0,1,1,1,0.829999983311,81.0,26,1,245.396006305,64.8638013035,2
1500000US150070407023,12.0,1,1,1,0.730000019073,81.0,156,1,17.1019328091,28.7177859516,1
1500000US150070404012,13.0,1,1,1,0.800000011921,81.0,10,1,27.0335555311,42.8656184605,1
1500000US150070407024,10.0,1,1,1,0.930000007153,81.0,233,1,45.2416850011,41.7934821172,1
1500000US150070405002,7.0,1,1,1,0.839999973774,81.0,89,1,0.605849174905,45.4819656372,1
1500000US150070404021,10.0,1,1,1,0.839999973774,81.0,47,1,19.3213852721,49.8143233193,1
1500000US150070403012,8.0,1,1,1,0.629999995232,78.0,674,1,0.0109653588891,48.6694532541,1
1500000US150070403013,12.0,1,1,1,0.670000016689,81.0,569,1,5.37477717323,48.028746865,1
1500000US150070401063,9.0,1,1,1,0.699999988079,81.0,13,1,121.335906785,74.5910271539,1
1500000US150070401061,10.0,1,1,1,0.469999998808,81.0,1,1,4.05295628469,70.825385635,1
1500000US150070401062,8.0,1,1,1,0.52999997139,79.0,2,1,1.29178451789,74.2035285548,1
1500000US150090315041,8.0,1,1,1,0.920000016689,81.0,92,1,45.3349233386,57.4898055168,1
1500000US150090315051,8.0,1,1,1,0.759999990463,10.0,3,1,58.7674507953,25.5479075783,1
1500000US150090302043,9.0,1,1,1,0.730000019073,81.0,139,1,8.57654830702,58.8739985148,1
1500000US150090303071,10.0,1,1,1,0.939999997616,81.0,70,1,122.865066837,14.7075441644,1
1500000US150090307131,11.0,1,1,1,0.930000007153,0.0,1,1,47.75219973,10.9132567814,1
1500000US150090307132,7.0,1,1,1,0.870000004768,1.0,3,1,9.45133246379,11.1770666022,1
1500000US150090310023,4.0,1,1,1,0.910000026226,81.0,7,1,1.79633543557,20.5796700528,1
1500000US150090311063,9.0,1,1,1,0.930000007153,54.0,2,1,13.8311144114,18.2830283301,1
1500000US150090307111,7.0,1,1,1,0.910000026226,0.0,1,1,9.4821094692,10.7190311432,1
1500000US150090303053,8.0,1,1,1,0.810000002384,81.0,475,1,0.0107182011745,27.9152682631,1
1500000US150090303072,2.0,1,1,1,0.870000004768,71.0,1,1,35.1224860924,13.1479313794,1
1500000US150090307121,7.0,1,1,1,0.949999988079,0.0,1,1,1.98951315746,10.9014579773,1
1500000US150030103101,10.0,1,1,1,0.330000013113,81.0,4,1,31.0101621815,56.9290998927,1
1500000US150030103032,12.0,1,1,1,0.270000010729,81.0,446,1,0.493200239515,84.4269915377,1
1500000US150039400061,9.0,1,1,1,0.930000007153,55.0,66,1,24.8652425985,25.6448829875,1
1500000US150030102041,10.0,1,1,1,0.360000014305,81.0,186,1,41.6237318635,73.6500579678,1
1500000US150030098012,9.0,1,1,1,0.920000016689,81.0,2,1,8.02442382053,29.3634649137,1
1500000US150030101032,9.0,2,1,1,0.509999990463,58.0,9,1,48.1457919279,44.0792133447,1
1500000US150030097073,10.0,1,1,1,0.920000016689,23.0,36,1,56.6506287796,21.8838387444,1
1500000US150030101031,11.0,1,1,1,0.540000021458,81.0,74,1,501.183856183,46.5137589802,2
1500000US150030098032,9.0,1,1,1,0.870000004768,80.0,1,1,43.4967764477,23.6371222496,1
1500000US150030084083,11.0,1,1,1,0.930000007153,26.0,7,1,119.831868508,21.1545867496,1
1500000US150030001203,9.0,1,1,1,0.839999973774,81.0,6,1,0.778422392495,32.6762723923,1
1500000US150039820001,3.0,1,1,1,0.97000002861,81.0,1,1,,54.8590998077,1
1500000US150030001151,5.0,1,1,1,0.800000011921,81.0,6,1,0.0154009311133,45.4118752113,1
1500000US150030023011,7.0,1,1,1,0.550000011921,19.0,1,1,0.194798875252,29.8100948334,1
1500000US150030036033,6.0,1,0,1,0.479999989271,0.0,1,1,,28.3742656708,1
1500000US150030099063,8.0,1,1,1,0.959999978542,81.0,4,1,34.2681656781,34.2225083245,1
1500000US150030078083,12.0,1,1,1,0.870000004768,58.0,6,1,2.84956981305,31.8498721653,1
1500000US150039400051,6.0,2,1,1,0.959999978542,81.0,64,1,0.0470524405938,31.1725726904,1
1500000US150030103031,11.0,1,1,1,0.389999985695,81.0,361,1,59.288596359,70.3284625029,1
1500000US150039817001,12.0,1,1,1,0.75,81.0,1,1,187.800133828,37.7695967356,1
1500000US150030084183,10.0,1,1,1,0.920000016689,0.0,5,1,84.6566301344,21.204940033,1
1500000US150030078171,12.0,1,0,1,0.860000014305,81.0,1,1,1.21063727629,34.486913681,1
1500000US150030087062,13.0,1,1,1,0.930000007153,33.0,1,1,0.62422027152,22.8418426514,1
1500000US150030097042,9.0,1,1,1,0.990000009537,81.0,26,1,4.85017877569,22.4269919857,1
1500000US150030099052,10.0,1,1,1,0.920000016689,15.0,249,1,18.2415178732,30.9325632731,1
1500000US150030019063,12.0,1,1,1,0.449999988079,0.0,1,1,4.9085511965,26.6997013092,1
1500000US150030019062,10.0,1,1,1,,0.0,1,1,1.85932383207,,1
1500000US150030018042,7.0,1,1,1,0.289999991655,0.0,2,1,0.434134500885,25.0393943787,1
1500000US150030098033,4.0,1,1,1,0.879999995232,0.0,4,1,0.946152694791,25.0317306519,1
1500000US150030038014,10.0,1,1,1,0.239999994636,0.0,2,1,4.15645897422,25.7210245132,1
1500000US150030038013,8.0,1,1,1,0.77999997139,51.0,4,1,2.82418569382,24.1704788208,1
1500000US150030096101,9.0,1,1,1,0.939999997616,5.0,5,1,17.8400790516,21.965007782,1
1500000US150030071002,15.0,1,0,1,0.939999997616,14.0,1,1,1.93633650649,24.0447624207,1
1500000US150030096103,10.0,1,1,1,0.930000007153,29.0,1,1,75.0594184929,22.5482224782,1
1500000US150030096102,9.0,1,1,1,0.959999978542,49.0,1,1,15.6191983184,22.8342564106,1
1500000US150030101021,9.0,1,1,1,0.860000014305,81.0,365,1,52.1474616512,56.0300248274,4
1500000US150030099053,9.0,1,1,1,0.939999997616,0.0,403,1,81.6326490214,31.231289909,1
1500000US150030084181,6.0,1,0,1,0.920000016689,0.0,1,1,7.85097945268,21.4153900146,1
1500000US150039818011,9.0,1,0,1,0.730000019073,2.0,1,1,3.53244056558,35.8093955517,1
1500000US150039818031,11.0,1,1,1,0.879999995232,31.0,1,1,459.768954317,37.2570055402,1
1500000US150030069003,7.0,1,1,1,0.930000007153,53.0,1,1,,29.7752661705,1
1500000US150030087071,10.0,1,0,1,0.800000011921,0.0,1,1,,24.3843135834,1
1500000US150030041023,7.0,2,0,1,0.939999997616,0.0,6,1,,29.3808514277,1
1500000US150030001191,2.0,1,0,1,0.730000019073,63.0,4,1,,31.2377476692,1
1500000US150030037011,10.0,1,1,1,0.620000004768,0.0,1,1,1.94437286244,26.420042038,1
1500000US150030101011,8.0,1,1,1,0.839999973774,81.0,378,1,54.8818814762,47.6888390417,2
1500000US150030001142,8.0,1,1,1,0.819999992847,81.0,6,1,42.1447051647,26.6110314908,1
1500000US150030096104,8.0,1,0,1,0.939999997616,14.0,9,1,4.40431083125,22.0716691017,1
1500000US150030021011,11.0,1,1,1,0.490000009537,0.0,5,1,59.6464056604,26.9073326928,1
1500000US150030021012,5.0,1,1,1,,0.0,1,1,,,1
1500000US150030037031,8.0,1,1,1,0.920000016689,0.0,7,1,0.295675396465,26.716135025,1
1500000US150030037035,9.0,2,1,1,0.670000016689,0.0,8,1,15.3927767254,27.0823047638,1
1500000US150030036062,8.0,1,1,1,0.72000002861,0.0,1,1,0.152891804561,27.5706634521,1
1500000US150030022051,10.0,1,1,1,0.610000014305,0.0,2,1,9.42420842798,27.7403116226,1
1500000US150030022031,11.0,1,1,1,0.560000002384,0.0,1,1,23.8561392425,27.4402098656,1
1500000US150030101022,9.0,1,1,1,0.839999973774,81.0,206,1,64.4806529422,52.9549541219,1
1500000US150030102042,9.0,1,1,1,0.300000011921,81.0,340,1,39.4907771915,68.1067365011,1
1500000US150030002004,7.0,1,1,1,0.620000004768,81.0,23,1,0.321687762155,40.2642137628,1
1500000US150030096091,9.0,1,0,1,0.930000007153,81.0,106,1,8.90779066405,23.1346590447,1
1500000US150030025003,8.0,1,1,1,0.610000014305,0.0,1,1,0.674368357331,30.4961776733,1
1500000US150030025002,9.0,1,1,1,0.629999995232,0.0,5,1,7.32106371699,28.4809827805,1
1500000US150030024042,8.0,1,1,1,0.620000004768,0.0,2,1,0.826432582259,29.6232318878,1
1500000US150030024031,7.0,1,1,1,0.569999992847,0.0,1,1,,,1
1500000US150030024032,8.0,1,1,1,0.689999997616,0.0,1,1,0.476424241926,29.7653217316,1
1500000US150030016012,7.0,1,0,1,0.52999997139,0.0,1,1,0.0882540505869,25.5804347992,1
1500000US150030018032,6.0,1,1,1,0.419999986887,0.0,5,1,0.247522866914,26.0163021088,1
1500000US150030018034,9.0,1,1,1,,0.0,1,1,0.446463780294,,1
1500000US150030020051,11.0,1,1,1,0.540000021458,0.0,3,1,3.70855281353,26.9794998169,1
1500000US150030087042,13.0,1,1,1,0.930000007153,39.0,1,1,6.25374314043,23.4136412484,1
1500000US150030087051,14.0,1,1,1,0.949999988079,34.0,1,1,1.00135782416,22.8561344147,1
1500000US150030097071,6.0,1,0,1,0.97000002861,0.0,2,1,0.0796176454045,22.5389316559,1
1500000US150030026002,7.0,1,0,1,0.639999985695,33.0,3,1,,31.5930452347,1
1500000US150030037032,7.0,1,1,1,0.20000000298,0.0,3,1,0.682501228988,26.9556922913,1
1500000US150030002006,9.0,1,1,1,0.540000021458,9.0,1,1,7.98501524655,34.4678024292,1
1500000US150030019061,10.0,1,1,1,,0.0,1,1,1.51788636773,26.440158844,1
1500000US150030019071,11.0,1,1,1,0.620000004768,0.0,1,1,4.48360490638,,1
1500000US150030001211,7.0,1,1,1,0.790000021458,0.0,1,1,15.6840434079,30.685667038,1
1500000US150030001171,6.0,1,0,1,0.819999992847,81.0,8,1,0.477823660444,38.2191655295,1
1500000US150030001104,4.0,1,0,1,0.829999983311,81.0,19,1,0.0230051278588,28.1528706551,1
1500000US150030020042,10.0,1,1,1,0.319999992847,0.0,1,1,9.28063513487,,1
1500000US150030024013,8.0,1,1,1,0.569999992847,0.0,1,1,2.60796703937,,1
1500000US150030022062,10.0,1,1,1,0.379999995232,28.0,1,1,0.791240272036,28.5007476807,1
1500000US150030038024,7.0,1,0,1,0.759999990463,0.0,1,1,,,1
1500000US150030038023,7.0,1,0,1,,0.0,2,1,,,1
1500000US150030038011,8.0,1,1,1,0.810000002384,0.0,4,1,0.536340788922,26.654507637,1
1500000US150030038012,8.0,1,1,1,0.829999983311,0.0,11,1,6.59221504796,26.3317661285,1
1500000US150030056011,3.0,1,0,1,0.889999985695,0.0,3,1,,38.3948364258,1
1500000US150030059002,12.0,1,1,1,0.860000014305,0.0,1,1,2.26272310629,30.6952749888,1
1500000US150030022061,5.0,1,1,1,0.300000011921,0.0,1,1,,,1
1500000US150030037013,8.0,1,1,1,,0.0,1,1,0.743617084599,26.8228874207,1
1500000US150030021021,10.0,1,1,1,0.389999985695,5.0,1,1,2.10614656714,29.1231822968,1
1500000US150030037022,8.0,1,1,1,0.829999983311,0.0,1,1,0.793169128384,26.4930877686,1
1500000US150030037021,9.0,1,1,1,,0.0,1,1,0.497706201425,26.3286399841,1
1500000US150030019051,10.0,1,1,1,0.540000021458,0.0,1,1,3.76809319444,,1
1500000US150030105101,11.0,1,1,1,0.360000014305,28.0,1,1,8.8551751679,50.0745035807,1
1500000US150039802001,14.0,1,1,1,0.949999988079,0.0,149,1,159.843975891,23.7230936911,1
1500000US150030109033,6.0,1,1,1,0.839999973774,0.0,1,1,0.0311473387733,40.0722287496,1
1500000US150030023022,8.0,1,1,1,0.610000014305,0.0,2,1,2.33704993935,29.4541339874,1
1500000US150030023013,7.0,1,0,1,0.25,0.0,1,1,,28.9057807922,1
1500000US150039822001,14.0,1,1,1,0.939999997616,36.0,3,1,205.836575955,22.7868544215,1
1500000US150030096083,9.0,1,1,1,0.959999978542,81.0,7,1,36.2349522125,23.1472657111,1
1500000US150030114012,13.0,1,1,1,0.899999976158,0.0,1,1,26.507482463,24.3901671171,1
1500000US150030023012,6.0,1,0,1,0.230000004172,0.0,1,1,,29.9395189285,1
1500000US150030001083,9.0,1,1,1,0.579999983311,64.0,5,1,66.6943003071,33.2310496436,1
1500000US150030088022,8.0,1,1,1,0.740000009537,59.0,1,1,,23.7586448669,1
1500000US150030084072,2.0,1,0,1,0.75,0.0,5,1,,21.4741268158,1
1500000US150030087023,13.0,1,0,1,0.810000002384,0.0,1,1,,23.9665044149,1
1500000US150030087074,13.0,1,1,1,0.839999973774,0.0,1,1,1.04253137505,23.6100432078,1
1500000US150030073023,8.0,1,0,1,0.939999997616,0.0,1,1,,22.886453922,1
1500000US150030098042,6.0,1,1,1,0.930000007153,25.0,96,1,7.09931702929,24.7759116491,1
1500000US150030102031,11.0,1,1,1,0.319999992847,81.0,252,1,163.072852606,70.7775428109,3
1500000US150030105102,9.0,1,0,1,0.289999991655,38.0,1,1,0.823389027665,54.1622815132,1
1500000US150039400071,8.0,1,1,1,0.889999985695,81.0,5,1,12.2101115778,24.8468187877,1
1500000US150030099062,10.0,1,1,1,0.920000016689,81.0,159,1,238.487684563,39.2308626751,1
1500000US150030111063,4.0,1,1,1,0.920000016689,81.0,3,1,0.0146622113902,40.094726944,1
1500000US150030099061,9.0,1,1,1,0.879999995232,0.0,200,1,38.4240700337,31.9030773765,24
1500000US150030111041,12.0,1,1,1,0.850000023842,0.0,1,1,6.25902705075,36.1422446115,1
1500000US150030001153,9.0,1,0,1,0.560000002384,33.0,1,1,0.422206227775,38.211523056,1
1500000US150030112013,11.0,1,1,1,0.870000004768,81.0,1,1,17.9175851935,34.1806304932,1
1500000US150030056021,3.0,1,0,1,0.910000026226,0.0,1,1,0.00949699318729,38.6369781494,1
1500000US150030084182,10.0,1,1,1,0.920000016689,0.0,2,1,39.937285387,21.3900995255,1
1500000US150030067045,13.0,2,1,1,0.930000007153,81.0,1,1,0.620022225192,38.4135336876,1
1500000US150030102022,8.0,1,1,1,0.540000021458,81.0,208,1,11.4253131591,65.6933276618,1
1500000US150030019052,11.0,1,1,1,,0.0,4,1,5.41597306106,25.9729995728,1
1500000US150030097052,9.0,1,1,1,0.920000016689,81.0,10,1,27.085954294,21.7328883171,1
1500000US150030097072,10.0,1,1,1,0.949999988079,9.0,17,1,28.9109381369,22.4700937907,1
1500000US150030098031,3.0,1,1,1,0.879999995232,0.0,1,1,3.18072421293,23.3856658936,1
1500000US150030038015,10.0,1,1,1,0.899999976158,0.0,17,1,51.4765943753,24.7711034255,1
1500000US150039400031,10.0,1,1,1,0.930000007153,31.0,324,1,23.5329511982,34.8210298447,1
1500000US150030051002,10.0,1,1,1,0.870000004768,31.0,1,1,1.22178809213,32.6622829437,1
1500000US150030001193,9.0,1,1,1,0.819999992847,0.0,1,1,24.4029019971,32.4396591187,1
1500000US150030037012,10.0,1,1,1,,0.0,1,1,2.26040950217,,1
1500000US150030056012,10.0,1,0,1,0.649999976158,0.0,1,1,0.850999635914,36.7488365173,1
1500000US150030109052,4.0,1,0,1,0.829999983311,0.0,1,1,,38.6748956953,1
1500000US150030056022,9.0,1,0,1,0.910000026226,2.0,1,1,0.153878134921,,1
1500000US150030096105,10.0,1,0,1,0.939999997616,0.0,1,1,7.20928184704,22.2315357208,1
1500000US150030021013,5.0,1,1,1,0.52999997139,0.0,1,1,,28.1509590149,1
1500000US150030109044,2.0,1,0,1,0.850000023842,0.0,1,1,,39.7678794861,1
1500000US150030037023,8.0,1,1,1,0.579999983311,0.0,2,1,8.390675913,25.9088973999,1
1500000US150030037033,8.0,1,1,1,0.730000019073,0.0,1,1,4.09270458891,25.7637739182,1
1500000US150030022041,10.0,1,1,1,0.340000003576,0.0,1,1,1.82283951356,27.5849285126,1
1500000US150030111044,12.0,1,0,1,0.819999992847,32.0,1,1,41.8163504946,38.3071330677,1
1500000US150030101012,8.0,1,1,1,0.409999996424,81.0,265,1,4.04145022678,56.3193482486,1
1500000US150030001223,8.0,1,0,1,0.790000021458,81.0,1,1,,29.9263987108,1
1500000US150030096084,8.0,1,1,1,0.879999995232,50.0,35,1,1.49357812287,24.5253370603,1
1500000US150030109043,10.0,1,1,1,0.920000016689,0.0,1,1,8.84566417344,39.9819695609,1
1500000US150030002005,8.0,1,1,1,0.699999988079,81.0,10,1,1.00703472506,42.5390031603,1
1500000US150030019072,8.0,1,1,1,0.25,0.0,1,1,1.93658559555,26.1856021881,1
1500000US150030017001,2.0,1,1,1,0.629999995232,41.0,4,1,,23.545419693,1
1500000US150030001161,10.0,1,0,1,0.930000007153,81.0,4,1,2.96681172371,45.4796437158,1
1500000US150030001201,9.0,1,0,1,0.800000011921,39.0,1,1,0.689625176085,33.1492411296,1
1500000US150030024014,8.0,1,1,1,,0.0,1,1,1.51251142031,28.3796672821,1
1500000US150030038025,8.0,1,0,1,0.360000014305,0.0,4,1,0.174040425676,27.5598869324,1
1500000US150030038022,7.0,1,0,1,0.389999985695,0.0,2,1,0.0657597660198,27.2203464508,1
1500000US150030038021,9.0,1,1,1,0.550000011921,0.0,3,1,2.01511552436,26.9200630188,1
1500000US150030037014,11.0,1,1,1,0.439999997616,0.0,1,1,3.1368191809,27.2363529205,1
1500000US150030037024,8.0,1,1,1,0.209999993443,0.0,1,1,1.3527591186,,1
1500000US150030019073,8.0,1,1,1,,0.0,1,1,2.41943736252,,1
1500000US150039400041,10.0,1,1,1,0.939999997616,81.0,90,1,28.4175476636,35.0497567117,5
1500000US150030083014,11.0,1,1,1,0.930000007153,0.0,10,1,116.620167721,21.458001273,1
1500000US150030087052,13.0,1,1,1,0.889999985695,57.0,1,1,0.973251589122,23.3802636464,1
1500000US150030097074,10.0,1,1,1,0.959999978542,81.0,178,1,5.9606569195,34.4197433131,1
1500000US150030056023,11.0,1,0,1,0.939999997616,0.0,16,1,1.67948275432,35.3511726379,1
1500000US150030099051,9.0,1,1,1,0.899999976158,48.0,214,1,1.08830984138,32.1703165494,1
1500000US150039819001,14.0,1,1,1,0.97000002861,12.0,6,1,229.154272323,22.3979276616,1
1500000US150030016011,3.0,1,0,1,0.600000023842,0.0,1,1,,25.6162233353,1
1500000US150030024041,11.0,1,0,1,0.629999995232,0.0,2,1,1.36738044795,30.5530910492,1
1500000US150030037034,12.0,1,1,1,0.34999999404,11.0,2,1,82.1038729436,24.9289713639,1
1500000US150030083012,12.0,1,1,1,0.910000026226,0.0,1,1,57.8946711582,21.7170829773,1
1500000US150030087063,14.0,1,1,1,0.97000002861,37.0,4,1,42.1073611307,22.1698841858,1
1500000US150030110002,8.0,1,1,1,0.839999973774,81.0,20,1,1.1403469632,51.0355886203,1
1500000US150030107013,12.0,1,1,1,0.670000016689,79.0,7,1,17.6801535844,45.7503009209,1
1500000US150030021022,7.0,1,1,1,0.600000023842,8.0,4,1,0.580408330734,29.5005283356,1
1500000US150030036061,7.0,1,0,1,0.660000026226,0.0,1,1,,28.7273171743,1
1500000US150030074002,12.0,1,1,1,0.920000016689,37.0,1,1,69.2918025183,23.8941669799,1
1500000US150030023021,8.0,1,1,1,,0.0,1,1,0.751901724336,28.6046524048,1
1500000US150030086275,10.0,1,1,1,0.990000009537,66.0,65,1,1.00355253662,23.2312563846,1
1500000US150039818021,9.0,1,1,1,0.939999997616,81.0,1,1,42.3917799264,34.5401894142,1
1500000US150030087041,13.0,1,1,1,0.870000004768,58.0,23,1,10.6710862449,25.349114577,1
1500000US150030114011,12.0,1,1,1,0.879999995232,0.0,1,1,32.358168234,25.3240652818,1
1500000US150030005004,10.0,1,1,1,0.560000002384,0.0,1,1,12.3490999565,27.3459356308,1
1500000US150030086242,13.0,1,1,1,0.910000026226,44.0,1,1,13.8217519782,21.90701437,1
1500000US150030088021,6.0,1,1,1,0.959999978542,81.0,6,1,,23.9315900803,1
1500000US150030112022,10.0,1,1,1,0.930000007153,81.0,2,1,10.747038713,32.2222131582,1
1500000US150030036051,8.0,1,1,1,0.629999995232,0.0,1,1,0.155003825128,27.6500676473,1
1500000US150030001212,7.0,1,1,1,0.600000023842,0.0,13,1,75.2231877045,29.0619415283,1
1500000US150010201001,,1,0,1,0.759999990463,81.0,30,1,,152.940491298,1
1500000US150010204001,,1,0,1,0.759999990463,18.0,39,1,,147.06464059,1
1500000US150010204002,,1,1,1,0.769999980927,21.0,48,1,,149.271696824,1
1500000US150010205002,,1,1,1,0.77999997139,5.0,235,1,,140.073287964,1
1500000US150010205003,,2,1,1,0.839999973774,31.0,127,1,,147.637679182,1
1500000US150010205004,,1,1,1,0.800000011921,40.0,196,1,,142.774476858,1
1500000US150010206004,,1,1,1,0.800000011921,30.0,685,1,,138.245208958,1
1500000US150010207011,,1,0,1,0.819999992847,25.0,731,1,,145.004135132,1
1500000US150010207012,,1,1,1,0.819999992847,22.0,468,1,,145.907062161,1
1500000US150010207013,,1,1,1,0.870000004768,32.0,439,1,,151.945871735,1
1500000US150010207021,,1,1,1,0.769999980927,28.0,555,1,,164.21346283,1
1500000US150010207022,,1,1,1,0.850000023842,41.0,704,1,,158.193174816,1
1500000US150010207023,,1,1,1,0.800000011921,31.0,441,1,,154.507369995,1
1500000US150010208011,,1,1,1,0.829999983311,46.0,487,1,,161.516432073,1
1500000US150010208012,,1,1,1,0.839999973774,73.0,586,1,,198.553414171,1
1500000US150010208013,,1,1,1,0.790000021458,73.0,339,1,,202.274623017,1
1500000US150010208021,,1,1,1,0.829999983311,65.0,287,1,,166.51227356,1
1500000US150010208022,,1,0,1,0.699999988079,42.0,236,1,,169.069308472,1
1500000US150010208023,,1,1,1,0.810000002384,77.0,685,1,,178.573241363,1
1500000US150010208024,,1,1,1,0.889999985695,71.0,272,1,,154.592319195,1
1500000US150010208025,,1,1,1,0.77999997139,73.0,398,1,,160.794770893,1
1500000US150010209001,,1,1,1,0.769999980927,47.0,313,1,,154.879380685,1
1500000US150010209002,,1,1,1,0.800000011921,8.0,390,1,,157.145203202,1
1500000US150010209003,,1,1,1,0.879999995232,61.0,275,1,,175.44909049,1
1500000US150010209004,,1,1,1,0.819999992847,25.0,346,1,,170.214332249,1
1500000US150010209005,,1,1,1,0.860000014305,73.0,265,1,,198.606988896,1
1500000US150010210031,,1,0,1,0.790000021458,12.0,525,1,,146.348534205,1
1500000US150010210032,,1,0,1,0.790000021458,14.0,560,1,,144.496607854,1
1500000US150010210033,,1,0,1,0.769999980927,1.0,635,1,,139.680799696,1
1500000US150010210034,,1,0,1,0.800000011921,16.0,204,1,,144.711677856,1
1500000US150010210035,,1,0,1,0.810000002384,16.0,453,1,,145.036118565,1
1500000US150010210111,,1,0,1,0.839999973774,46.0,622,1,,197.230108885,1
1500000US150010210112,,1,0,1,0.419999986887,81.0,813,1,,116.745165388,1
1500000US150010210113,,1,0,1,0.759999990463,70.0,531,1,,224.528613477,1
1500000US150010210132,,1,0,1,0.850000023842,59.0,579,1,,167.991831318,1
1500000US150010210133,,1,0,1,0.829999983311,54.0,683,1,,152.980418214,1
1500000US150010210141,,1,0,1,0.860000014305,9.0,617,1,,131.17526081,1
1500000US150010210142,,1,0,1,0.790000021458,3.0,740,1,,139.095844367,1
1500000US150010210152,,1,0,2,0.850000023842,14.0,960,1,,135.970610809,1
1500000US150010210161,,1,0,1,0.839999973774,23.0,547,1,,165.39156447,1
1500000US150010210162,,1,0,1,0.860000014305,31.0,715,1,,178.656732605,1
1500000US150010210163,,1,0,1,0.819999992847,48.0,377,1,,161.638580685,1
1500000US150010210171,,1,0,1,0.829999983311,24.0,295,1,,184.926430526,1
1500000US150010210172,,1,0,1,0.860000014305,71.0,387,1,,199.933369109,1
1500000US150010210173,,1,0,1,0.560000002384,11.0,922,1,,172.22533778,1
1500000US150010211012,,1,0,1,0.879999995232,76.0,983,1,,124.24688084,1
1500000US150010211083,,1,0,1,0.860000014305,80.0,783,1,,118.719861458,1
1500000US150010212032,,1,0,2,0.920000016689,81.0,685,1,,36.2057248122,1
1500000US150010212033,,1,0,1,0.959999978542,79.0,821,1,,32.7126551754,1
1500000US150010212042,,1,0,1,0.959999978542,58.0,305,1,,28.1883393224,1
1500000US150010213001,,1,1,1,0.939999997616,81.0,526,1,,50.9815055632,1
1500000US150010213002,,1,1,1,0.899999976158,81.0,337,1,,50.8030780445,1
1500000US150010213004,,1,1,1,0.889999985695,81.0,267,1,,41.0042980529,1
1500000US150010214022,,1,1,1,0.930000007153,81.0,615,1,,55.6328289461,3
1500000US150010215021,,1,1,1,0.819999992847,81.0,560,1,,41.4666524114,1
1500000US150010215022,,1,0,2,0.930000007153,81.0,535,1,,36.0796404138,1
1500000US150010215023,,1,1,1,0.810000002384,81.0,218,1,,53.9119311902,1
1500000US150010215041,,2,0,1,0.709999978542,40.0,407,1,,40.5830170558,1
1500000US150010215101,,1,1,1,0.759999990463,81.0,28,1,,33.6707971096,1
1500000US150010215102,,1,1,1,0.889999985695,81.0,200,1,,49.0902254716,1
1500000US150010215111,,1,1,1,0.759999990463,81.0,322,1,,43.1481244975,1
1500000US150010215121,,1,0,1,0.870000004768,81.0,626,1,,40.8711250239,1
1500000US150010215122,,1,0,1,0.930000007153,70.0,345,1,,23.9440340054,1
1500000US150010215132,,1,0,1,0.889999985695,60.0,510,1,,29.346940334,1
1500000US150010215133,,1,0,1,0.75,81.0,546,1,,40.3331415812,1
1500000US150010216051,,1,1,1,0.709999978542,81.0,186,1,,47.8297346751,1
1500000US150010216061,,1,1,1,0.740000009537,55.0,199,1,,31.7942394802,1
1500000US150010216062,,1,1,1,0.620000004768,81.0,628,1,,41.1521871355,1
1500000US150010216071,,1,1,1,0.629999995232,81.0,521,1,,39.2732881308,1
1500000US150010216072,,1,1,1,0.519999980927,81.0,196,1,,36.6661831538,1
1500000US150010216073,,1,1,1,0.740000009537,41.0,424,1,,33.8741086324,5
1500000US150010216082,,1,1,1,0.730000019073,2.0,143,1,,31.1703012907,1
1500000US150010216083,,1,1,1,0.730000019073,22.0,184,1,,29.8490038978,1
1500000US150010216084,,1,1,1,0.75,49.0,154,1,,32.245460701,1
1500000US150010217051,,1,1,1,0.699999988079,81.0,884,1,,77.2894048326,1
1500000US150010217052,,1,1,1,0.649999976158,81.0,386,1,,53.203638189,1
1500000US150010217053,,1,1,1,0.709999978542,79.0,593,1,,28.745037533,1
1500000US150010217061,,1,1,1,0.649999976158,77.0,449,1,,52.2570486018,1
1500000US150010217062,,2,1,2,0.810000002384,81.0,314,1,,30.8048586331,1
1500000US150010217071,,1,0,1,0.97000002861,64.0,1,1,,13.0847623062,1
1500000US150010217072,,1,0,1,0.990000009537,68.0,175,1,,12.5036359363,1
1500000US150010217073,,1,1,1,1.0,76.0,83,1,,15.3586706855,3
1500000US150010217082,,1,0,1,0.959999978542,63.0,218,1,,11.9647485813,1
1500000US150010217083,,1,0,2,0.990000009537,75.0,3,1,,11.4116212119,2
1500000US150010218001,,2,1,1,0.939999997616,68.0,339,1,,55.2061006427,1
1500000US150010219022,,1,1,1,0.920000016689,81.0,179,1,,92.5072666037,1
1500000US150010219023,,1,1,1,0.930000007153,75.0,442,1,,96.1688962369,1
1500000US150019901000,,1,0,1,,0.0,1,1,,,1
1500000US150019903000,,1,1,1,,0.0,1,1,,95.2041756766,1
1500000US150019905000,,1,0,1,,0.0,1,1,,,1
1500000US150019906000,,1,0,1,,0.0,1,1,,,1
1500000US150019907000,,1,0,1,,0.0,1,1,,,1
1500000US150019908000,,1,0,1,,0.0,1,1,,,1
1500000US150019909000,,1,0,1,,0.0,1,1,,,1
1500000US150019911000,,1,0,1,,0.0,1,1,,,1
1500000US150019912000,,1,0,1,,0.0,1,1,,,1
1500000US150019913000,,1,0,1,,0.0,1,1,,,1
1500000US150030001101,,1,0,1,0.910000026226,48.0,1,1,,30.0427088056,1
1500000US150030001103,,1,0,1,0.879999995232,81.0,7,1,,29.9614774571,1
1500000US150030001152,,1,0,1,0.620000004768,20.0,1,1,,42.5008570353,1
1500000US150030001181,,1,0,1,0.939999997616,81.0,16,1,,37.9057005906,1
1500000US150030001192,,1,0,1,0.610000014305,18.0,1,1,,31.8611636162,1
1500000US150030001202,,1,0,1,0.870000004768,81.0,24,1,,31.4598271847,1
1500000US150030001221,,1,0,1,0.810000002384,21.0,1,1,,27.6619714101,1
1500000US150030001222,,1,0,1,0.759999990463,0.0,1,1,,28.6340613365,1
1500000US150030002002,,1,0,1,0.680000007153,81.0,5,1,,38.9147052765,1
1500000US150030003021,,1,1,1,0.660000026226,81.0,6,1,,45.8150683085,1
1500000US150030004011,,1,1,1,0.620000004768,81.0,2,1,,33.6913998922,1
1500000US150030004012,,1,1,1,0.629999995232,81.0,6,1,,52.7081041509,1
1500000US150030004021,,1,0,1,0.52999997139,81.0,1,1,,33.2398271561,1
1500000US150030004023,,1,1,1,0.560000002384,81.0,6,1,,38.6165313721,1
1500000US150030005002,,1,1,1,0.430000007153,0.0,1,1,,29.1876155853,1
1500000US150030006001,,1,0,1,0.649999976158,81.0,11,1,,23.753619247,1
1500000US150030007001,,1,0,1,0.579999983311,28.0,1,1,,26.6556061336,1
1500000US150030007002,,1,1,1,0.550000011921,21.0,1,1,,29.909078598,1
1500000US150030007003,,1,0,1,0.460000008345,32.0,1,1,,27.8158798218,1
1500000US150030007004,,1,0,1,0.550000011921,21.0,1,1,,28.6826753616,1
1500000US150030008001,,1,0,1,0.600000023842,29.0,1,1,,30.264362971,1
1500000US150030008002,,1,0,1,0.579999983311,63.0,76,1,,28.4633655548,1
1500000US150030008003,,1,0,1,0.610000014305,59.0,1,1,,27.4197320938,1
1500000US150030009011,,1,1,1,0.560000002384,81.0,1,1,,38.6720306396,1
1500000US150030009012,,1,1,1,0.579999983311,0.0,1,1,,32.0656614304,1
1500000US150030009031,,1,0,1,0.589999973774,81.0,3,1,,32.4057002068,1
1500000US150030009032,,1,0,1,0.579999983311,73.0,3,1,,32.5895829882,1
1500000US150030009041,,1,0,1,0.610000014305,81.0,20,1,,36.4634527727,1
1500000US150030009051,,1,0,1,0.629999995232,81.0,13,1,,42.8109485081,1
1500000US150030009052,,1,0,1,0.550000011921,76.0,1,1,,41.8945960999,1
1500000US150030010001,,1,1,1,0.75,81.0,44,1,,93.3217267768,1
1500000US150030010002,,1,0,1,0.670000016689,81.0,23,1,,58.3597169604,1
1500000US150030011011,,1,0,1,0.670000016689,55.0,5,1,,46.1256853739,1
1500000US150030011012,,1,0,1,0.670000016689,59.0,2,1,,63.4018297195,1
1500000US150030011021,,1,0,1,0.40000000596,81.0,6,1,,62.1006088257,1
1500000US150030011022,,1,0,1,0.649999976158,9.0,3,1,,52.3765525818,1
1500000US150030012011,,1,1,1,0.560000002384,32.0,6,1,,31.8721173604,1
1500000US150030012012,,1,0,1,0.560000002384,73.0,3,1,,34.1989562988,1
1500000US150030012021,,1,0,1,0.579999983311,81.0,3,1,,39.284532547,1
1500000US150030012022,,1,0,1,0.639999985695,35.0,6,1,,37.1897106171,1
1500000US150030013001,,1,0,1,0.550000011921,4.0,3,1,,29.3654060364,1
1500000US150030013002,,1,0,1,0.579999983311,13.0,2,1,,29.3646812439,1
1500000US150030013003,,1,0,1,0.52999997139,22.0,3,1,,30.2437243462,1
1500000US150030013004,,1,0,1,0.569999992847,26.0,4,1,,30.6329488754,1
1500000US150030014001,,1,0,1,0.52999997139,35.0,3,1,,27.5587018331,1
1500000US150030014002,,1,0,1,0.560000002384,27.0,3,1,,27.9631904602,1
1500000US150030015011,,1,0,1,0.610000014305,0.0,1,1,,28.4846363068,1
1500000US150030015021,,1,0,1,0.519999980927,3.0,1,1,,27.5273141861,1
1500000US150030015022,,1,0,1,0.560000002384,17.0,1,1,,26.5949468613,1
1500000US150030016021,,1,0,1,0.600000023842,3.0,1,1,,26.3360290527,1
1500000US150030016022,,1,0,1,0.620000004768,10.0,1,1,,25.6972994804,1
1500000US150030026001,,1,0,1,0.660000026226,0.0,1,1,,32.6695518494,1
1500000US150030027011,,1,1,1,0.660000026226,57.0,7,1,,40.3927743094,1
1500000US150030027013,,1,1,1,0.670000016689,62.0,1,1,,32.9101498922,1
1500000US150030027021,,1,0,1,0.72000002861,81.0,7,1,,38.7968002319,1
1500000US150030027022,,1,0,1,0.730000019073,81.0,4,1,,36.3859185113,1
1500000US150030027023,,1,0,1,0.289999991655,0.0,1,1,,35.4344291687,1
1500000US150030027024,,1,0,1,0.610000014305,13.0,1,1,,34.2509536743,1
1500000US150030028011,,1,1,1,0.629999995232,81.0,2,1,,39.9387283325,1
1500000US150030028021,,1,0,1,0.540000021458,81.0,7,1,,55.425621941,1
1500000US150030028022,,1,0,1,0.639999985695,81.0,2,1,,40.6394720078,1
1500000US150030029001,,1,1,1,0.670000016689,81.0,8,1,,56.5202431452,1
1500000US150030030001,,1,0,1,0.680000007153,81.0,4,1,,65.2812334696,1
1500000US150030030002,,1,0,1,0.730000019073,31.0,1,1,,46.7492631276,1
1500000US150030030003,,1,1,1,0.680000007153,20.0,2,1,,63.4336662292,1
1500000US150030030004,,1,0,1,0.730000019073,81.0,93,1,,48.7036586761,1
1500000US150030031021,,1,0,1,0.439999997616,81.0,13,1,,126.532357788,1
1500000US150030031022,,1,1,1,0.680000007153,49.0,18,1,,97.2923448351,1
1500000US150030031031,,1,1,1,0.709999978542,81.0,37,1,,112.128439735,1
1500000US150030031041,,1,0,1,0.680000007153,81.0,8,1,,89.6756191254,1
1500000US150030034041,,1,0,1,0.759999990463,18.0,1,1,,37.3770523071,1
1500000US150030034042,,1,0,1,0.689999997616,19.0,1,1,,,1
1500000US150030034043,,1,0,1,,7.0,1,1,,34.5342445374,1
1500000US150030034044,,1,0,1,0.270000010729,11.0,2,1,,37.9326019287,1
1500000US150030034081,,1,0,1,,0.0,1,1,,33.3394851685,1
1500000US150030034082,,1,0,1,0.649999976158,0.0,1,1,,,1
1500000US150030034091,,1,0,1,0.280000001192,0.0,1,1,,31.7820167542,1
1500000US150030034092,,1,0,1,,0.0,1,1,,,1
1500000US150030034101,,1,0,1,0.660000026226,0.0,5,1,,32.7588577271,1
1500000US150030034111,,1,0,1,0.300000011921,49.0,1,1,,32.7105712891,1
1500000US150030034121,,1,0,1,0.75,69.0,9,1,,34.458612442,1
1500000US150030034131,,1,0,1,0.370000004768,3.0,3,1,,32.2893714905,1
1500000US150030034132,,1,0,1,,7.0,2,1,,30.9667778015,1
1500000US150030034141,,1,0,1,0.519999980927,0.0,1,1,,40.5450134277,1
1500000US150030034142,,1,0,1,0.610000014305,13.0,1,1,,35.1212539673,1
1500000US150030034143,,1,0,1,0.689999997616,26.0,1,1,,37.4140739441,1
1500000US150030034144,,1,0,1,0.639999985695,3.0,1,1,,33.3433876038,1
1500000US150030035011,,1,0,1,0.560000002384,0.0,5,1,,30.4019231796,1
1500000US150030035012,,1,0,1,0.839999973774,2.0,4,1,,29.3417520523,1
1500000US150030035031,,1,0,1,0.629999995232,0.0,9,1,,30.146241188,1
1500000US150030035041,,1,0,1,0.589999973774,0.0,1,1,,31.6172993978,1
1500000US150030035042,,1,1,1,0.569999992847,0.0,3,1,,30.2871875763,1
1500000US150030041011,,1,0,1,,17.0,1,1,,31.8262367249,1
1500000US150030041012,,1,0,1,0.680000007153,46.0,1,1,,31.9333963394,1
1500000US150030041021,,1,0,1,,0.0,1,1,,29.8005504608,1
1500000US150030041022,,1,0,1,0.910000026226,13.0,1,1,,31.4228420258,1
1500000US150030042011,,1,0,1,,0.0,1,1,,,1
1500000US150030042012,,1,0,1,0.600000023842,0.0,1,1,,,1
1500000US150030042021,,1,0,1,0.899999976158,9.0,3,1,,30.988409996,1
1500000US150030042022,,1,0,1,0.730000019073,6.0,1,1,,32.3225698471,1
1500000US150030043011,,1,0,1,0.959999978542,81.0,3,1,,34.7816486359,1
1500000US150030043012,,1,0,1,0.949999988079,81.0,52,1,,37.0054334913,1
1500000US150030043021,,1,0,1,0.920000016689,15.0,2,1,,38.7746963501,1
1500000US150030043022,,1,0,1,0.939999997616,7.0,8,1,,36.657090505,1
1500000US150030043023,,1,0,1,0.819999992847,47.0,1,1,,36.7843170166,1
1500000US150030044011,,1,0,1,0.920000016689,81.0,3,1,,47.4659004211,1
1500000US150030044012,,1,0,1,0.920000016689,63.0,8,1,,47.2493896484,1
1500000US150030044013,,1,0,1,0.930000007153,3.0,2,1,,47.30534935,1
1500000US150030044021,,1,0,1,0.959999978542,81.0,24,1,,48.2649863107,1
1500000US150030044022,,1,0,1,0.740000009537,81.0,25,1,,81.2835764451,1
1500000US150030045001,,1,0,1,0.930000007153,73.0,4,1,,80.2487567902,1
1500000US150030045002,,1,0,1,0.769999980927,81.0,15,1,,111.967051268,1
1500000US150030045003,,1,1,1,0.949999988079,78.0,7,1,,48.1688179016,1
1500000US150030045004,,1,0,1,0.870000004768,81.0,7,1,,59.9966491063,1
1500000US150030046001,,1,0,1,0.879999995232,81.0,2,1,,98.3974338259,1
1500000US150030046002,,1,0,1,0.889999985695,42.0,2,1,,66.464322567,1
1500000US150030046003,,1,0,1,0.939999997616,81.0,3,1,,64.887525177,1
1500000US150030046004,,1,0,1,0.310000002384,23.0,6,1,,61.8411827087,1
1500000US150030047011,,1,0,1,0.939999997616,77.0,4,1,,59.6214189529,1
1500000US150030047012,,1,0,1,0.930000007153,81.0,5,1,,59.2971291542,1
1500000US150030047021,,1,0,1,0.97000002861,78.0,5,1,,46.3267478943,1
1500000US150030047022,,1,1,1,0.959999978542,24.0,3,1,,48.1184469859,1
1500000US150030047023,,1,0,1,0.569999992847,25.0,2,1,,51.1459407806,1
1500000US150030048011,,1,0,1,1.0,81.0,1,1,,64.6485385317,1
1500000US150030048012,,1,0,1,0.97000002861,81.0,2,1,,44.1580785116,1
1500000US150030048013,,1,0,1,0.959999978542,74.0,2,1,,44.9356441498,1
1500000US150030048021,,1,0,1,0.959999978542,73.0,6,1,,44.7046499252,1
1500000US150030048022,,1,0,1,0.97000002861,79.0,7,1,,42.4467411041,1
1500000US150030048023,,1,0,1,0.930000007153,79.0,5,1,,40.6261711121,1
1500000US150030049001,,1,0,1,0.930000007153,38.0,3,1,,43.8521385193,1
1500000US150030049002,,2,0,1,0.959999978542,1.0,5,1,,38.7677230835,1
1500000US150030049003,,1,0,1,0.920000016689,2.0,3,1,,41.3030395508,1
1500000US150030050001,,1,1,1,0.949999988079,31.0,4,1,,40.8069051107,1
1500000US150030050003,,1,1,1,0.949999988079,27.0,2,1,,41.01612854,1
1500000US150030055001,,1,0,1,0.889999985695,0.0,12,1,,35.0121981303,1
1500000US150030058001,,1,0,1,0.930000007153,0.0,1,1,,32.7994289398,1
1500000US150030060001,,1,1,1,0.829999983311,14.0,10,1,,32.5893809001,1
1500000US150030060002,,1,0,1,0.899999976158,0.0,1,1,,32.2742589315,1
1500000US150030061001,,1,1,1,0.920000016689,25.0,4,1,0.0401305530142,35.2037556966,1
1500000US150030061002,,1,1,1,0.910000026226,47.0,5,1,,38.8094377518,1
1500000US150030062021,,1,0,1,0.689999997616,0.0,1,1,,38.4802360535,1
1500000US150030062022,,1,1,1,0.379999995232,55.0,1,1,,39.7464675903,1
1500000US150030062031,,1,1,1,0.899999976158,42.0,5,1,0.0514961204814,35.985042572,1
1500000US150030062032,,1,0,1,0.930000007153,11.0,5,1,,38.7420756022,1
1500000US150030063011,,2,1,1,0.980000019073,59.0,1,1,,56.4322385788,1
1500000US150030063012,,1,0,1,0.949999988079,81.0,1,1,,43.50389328,1
1500000US150030063013,,1,1,1,0.889999985695,46.0,1,1,,43.17329216,1
1500000US150030063021,,1,0,1,,77.0,1,1,,68.2104530334,1
1500000US150030063022,,1,0,1,0.97000002861,81.0,1,1,,57.3112850189,1
1500000US150030064011,,1,1,1,0.939999997616,59.0,6,1,,44.1655664444,1
1500000US150030064021,,1,1,1,0.930000007153,67.0,1,1,,69.6866378784,1
1500000US150030064022,,1,1,1,0.910000026226,70.0,1,1,,64.5558490753,1
1500000US150030064023,,1,1,1,0.930000007153,81.0,1,1,,83.4705568949,1
1500000US150030064024,,1,1,1,0.980000019073,78.0,4,1,,53.283039093,1
1500000US150030065001,,1,1,1,0.939999997616,81.0,5,1,,99.5193844696,1
1500000US150030065002,,1,1,1,0.889999985695,81.0,2,1,,77.5275497437,1
1500000US150030067031,,1,1,1,0.980000019073,81.0,1,1,,45.522767512,1
1500000US150030067041,,1,0,1,0.620000004768,47.0,1,1,,42.5100708008,1
1500000US150030067042,,1,0,1,0.980000019073,71.0,1,1,,43.8296098709,1
1500000US150030067043,,1,1,1,0.920000016689,81.0,1,1,,59.2768675232,1
1500000US150030067044,,1,1,1,0.990000009537,81.0,1,1,,62.7532047696,1
1500000US150030068061,,1,0,1,0.930000007153,60.0,1,1,,29.6157603264,1
1500000US150030068062,,1,0,1,0.949999988079,70.0,1,1,,28.5220626831,1
1500000US150030068101,,1,0,1,0.949999988079,81.0,1,1,,31.7646915729,1
1500000US150030068102,,1,0,1,0.959999978542,38.0,1,1,,34.4025382996,1
1500000US150030068111,,1,0,1,0.939999997616,81.0,1,1,,37.2432735988,1
1500000US150030068121,,1,1,1,0.959999978542,75.0,1,1,,35.2166426522,1
1500000US150030068131,,1,0,1,0.910000026226,0.0,3,1,1.14323011191,31.8798770905,1
1500000US150030068132,,1,0,1,0.740000009537,33.0,1,1,,35.197057724,1
1500000US150030068133,,1,0,1,0.699999988079,76.0,1,1,0.0160158848032,30.569729805,1
1500000US150030068134,,1,0,1,0.930000007153,81.0,1,1,45.6527512872,32.8559874021,1
1500000US150030068141,,1,0,1,0.910000026226,23.0,1,1,,,1
1500000US150030068142,,1,0,1,0.959999978542,57.0,1,1,,,1
1500000US150030068151,,1,0,1,0.920000016689,56.0,1,1,,,1
1500000US150030068152,,1,0,1,,53.0,1,1,,,1
1500000US150030068161,,1,0,1,0.930000007153,49.0,1,1,,27.6309909821,1
1500000US150030068171,,1,0,1,0.930000007153,79.0,2,1,,27.9467964172,1
1500000US150030068172,,1,0,1,0.910000026226,71.0,1,1,,28.0699100494,1
1500000US150030068173,,1,0,1,0.889999985695,80.0,1,1,,29.1109895706,1
1500000US150030068181,,1,0,1,0.949999988079,0.0,1,1,,28.9170894623,1
1500000US150030068191,,1,0,1,0.5,32.0,1,1,,30.712064743,1
1500000US150030068192,,1,0,1,,0.0,1,1,,29.7241716385,1
1500000US150030069001,,1,0,1,0.939999997616,0.0,1,1,,27.6605772972,1
1500000US150030069002,,1,0,1,0.949999988079,57.0,1,1,,29.0993528366,1
1500000US150030070011,,1,0,1,0.949999988079,34.0,1,1,,26.4175560291,1
1500000US150030070012,,1,0,1,0.930000007153,0.0,1,1,,24.9356613159,1
1500000US150030070021,,1,0,1,0.930000007153,44.0,1,1,,27.1827487946,1
1500000US150030070022,,1,0,1,0.930000007153,25.0,1,1,,26.0403241052,1
1500000US150030073024,,1,0,1,0.959999978542,0.0,1,1,,23.8113589287,1
1500000US150030075042,,1,0,1,0.879999995232,17.0,1,1,,29.9685115814,1
1500000US150030075071,,2,1,1,0.949999988079,71.0,1,1,,37.5226963588,1
1500000US150030075072,,1,1,1,0.939999997616,81.0,5,1,,62.5626147134,1
1500000US150030075073,,1,1,1,0.879999995232,81.0,1,1,,49.9701923024,1
1500000US150030075074,,1,1,1,0.939999997616,81.0,6,1,,66.680134355,1
1500000US150030075081,,1,0,1,0.980000019073,68.0,1,1,,38.6234232585,1
1500000US150030075082,,1,0,1,0.939999997616,46.0,1,1,,32.958070755,1
1500000US150030075083,,1,0,1,0.930000007153,30.0,1,1,,29.7765927315,1
1500000US150030075084,,1,0,1,0.97000002861,57.0,3,1,0.157490125223,33.5582097371,1
1500000US150030075085,,1,0,1,0.939999997616,49.0,7,1,1.69280042001,33.0188041687,1
1500000US150030077011,,1,1,1,0.899999976158,68.0,2,1,,38.3756281535,1
1500000US150030077021,,1,1,1,0.949999988079,66.0,1,1,,37.3025309245,1
1500000US150030077022,,1,1,1,0.860000014305,81.0,1,1,,43.9576516151,1
1500000US150030077023,,1,0,1,0.759999990463,81.0,131,1,,71.3756034034,1
1500000US150030077024,,1,0,1,0.769999980927,81.0,1,1,,55.5956201099,1
1500000US150030078041,,1,0,1,0.889999985695,53.0,1,1,,30.7343718211,1
1500000US150030078042,,1,0,1,0.740000009537,61.0,1,1,,34.5286903381,1
1500000US150030078071,,1,1,1,0.889999985695,15.0,1,1,,34.823299408,1
1500000US150030078072,,1,1,1,,72.0,1,1,,,1
1500000US150030078073,,1,0,1,0.25,43.0,1,1,,,1
1500000US150030078075,,1,0,1,0.889999985695,25.0,1,1,,33.8919258118,1
1500000US150030078091,,1,0,1,0.730000019073,81.0,1,1,,47.7598482768,1
1500000US150030078093,,1,0,1,0.730000019073,81.0,1,1,,51.8192890167,1
1500000US150030078121,,1,0,1,0.839999973774,81.0,1,1,,35.0247344971,1
1500000US150030078122,,1,0,1,0.930000007153,24.0,1,1,,31.1979026794,1
1500000US150030078131,,1,0,1,0.899999976158,50.0,1,1,,32.2874469757,1
1500000US150030078132,,1,0,1,0.449999988079,48.0,1,1,,32.9888744354,1
1500000US150030078133,,1,0,1,0.870000004768,5.0,1,1,,34.6536661784,1
1500000US150030078141,,1,0,1,0.730000019073,81.0,1,1,,43.2340128157,1
1500000US150030078142,,1,0,1,0.77999997139,79.0,1,1,,47.5549960136,1
1500000US150030078151,,2,0,1,0.769999980927,81.0,1,1,,52.1557693481,1
1500000US150030078161,,1,0,1,0.709999978542,81.0,1,1,,65.4689688249,1
1500000US150030078162,,1,0,1,0.850000023842,65.0,1,1,,36.6602414449,1
1500000US150030078163,,1,0,1,0.620000004768,81.0,1,1,,41.0730376866,1
1500000US150030078172,,1,0,1,0.740000009537,81.0,1,1,,46.9937023587,1
1500000US150030080022,,1,0,1,0.850000023842,17.0,1,1,,29.8724571228,1
1500000US150030080051,,1,0,1,0.660000026226,81.0,1,1,,46.7149606705,1
1500000US150030080052,,1,0,1,0.730000019073,81.0,1,1,,38.9344111356,1
1500000US150030080053,,1,0,1,0.430000007153,73.0,1,1,,50.364238739,1
1500000US150030080054,,1,0,1,0.360000014305,81.0,1,1,,61.0175890536,1
1500000US150030080081,,1,0,1,0.879999995232,14.0,1,1,,29.4505596161,1
1500000US150030080082,,1,0,1,0.899999976158,51.0,1,1,,27.6637767156,1
1500000US150030080091,,1,0,1,0.819999992847,0.0,1,1,,28.2404301961,1
1500000US150030080092,,1,1,1,0.879999995232,70.0,2,1,,28.4912206332,1
1500000US150030080101,,1,0,1,0.910000026226,6.0,1,1,,30.8220324516,1
1500000US150030080102,,1,0,1,0.759999990463,24.0,1,1,,32.4652828217,1
1500000US150030080111,,1,1,1,0.889999985695,81.0,2,1,,32.9324664336,1
1500000US150030080121,,1,0,1,0.839999973774,49.0,1,1,,32.9571726663,1
1500000US150030080122,,2,0,1,0.699999988079,58.0,1,1,,32.5354791369,1
1500000US150030080131,,1,0,1,0.699999988079,29.0,1,1,,36.5832850138,1
1500000US150030080132,,1,0,1,0.699999988079,74.0,1,1,,37.5251674652,1
1500000US150030083021,,1,0,1,0.879999995232,0.0,342,1,,21.4041047096,1
1500000US150030083022,,1,0,1,0.910000026226,0.0,428,1,0.819624553598,21.5571714548,1
1500000US150030084051,,1,0,1,0.910000026226,1.0,2,1,1.03173289549,21.6762305173,1
1500000US150030084052,,1,0,1,0.829999983311,0.0,1,1,,21.6266946793,1
1500000US150030084053,,1,0,1,0.889999985695,0.0,3,1,,21.6466270447,1
1500000US150030084071,,1,0,1,0.879999995232,0.0,4,1,,21.5444896698,1
1500000US150030084081,,1,0,1,0.850000023842,0.0,11,1,,21.5301521846,1
1500000US150030084101,,1,0,1,0.879999995232,0.0,1,1,,21.5695700645,1
1500000US150030084102,,1,0,1,0.889999985695,0.0,14,1,7.98045630809,21.4393543667,1
1500000US150030084111,,1,1,1,0.879999995232,0.0,6,1,1.03841546791,21.4621098836,2
1500000US150030084112,,1,0,1,0.870000004768,0.0,13,1,,21.5649261475,1
1500000US150030084113,,1,0,1,0.870000004768,0.0,1,1,0.346879348319,21.5616550446,1
1500000US150030084131,,1,0,1,0.839999973774,0.0,1,1,,21.5628124237,1
1500000US150030084132,,1,0,1,0.879999995232,0.0,2,1,,21.5443897247,1
1500000US150030084141,,1,0,1,0.930000007153,0.0,4,1,40.8499829318,21.6286111559,1
1500000US150030084151,,1,0,1,0.879999995232,3.0,2,1,,21.624887085,1
1500000US150030084152,,1,0,1,0.889999985695,0.0,57,1,,21.6807894707,1
1500000US150030084161,,1,0,1,0.870000004768,0.0,4,1,,21.5569852193,1
1500000US150030084162,,1,0,1,0.810000002384,0.0,8,1,,21.5331401825,1
1500000US150030084171,,1,0,1,0.790000021458,0.0,10,1,,21.537530899,1
1500000US150030084172,,1,0,1,0.870000004768,0.0,6,1,,21.6100645065,1
1500000US150030084173,,1,0,1,0.699999988079,0.0,7,1,,21.5854167938,1
1500000US150030086091,,1,0,1,0.879999995232,54.0,2,1,,22.9312128513,1
1500000US150030086231,,1,0,1,0.949999988079,64.0,4,1,,23.3246577581,1
1500000US150030086232,,1,0,1,0.930000007153,7.0,5,1,,22.5721056938,1
1500000US150030086233,,1,1,1,0.72000002861,0.0,1,1,,21.9674276624,1
1500000US150030086234,,1,0,1,0.980000019073,81.0,3,1,,23.3704671097,1
1500000US150030086241,,1,0,1,0.899999976158,38.0,1,1,,21.7994981493,1
1500000US150030086251,,1,0,1,0.870000004768,0.0,1,1,,21.6008669535,1
1500000US150030086252,,1,0,1,0.899999976158,0.0,1,1,,21.672168541,1
1500000US150030086261,,1,1,1,0.879999995232,0.0,3,1,,21.6382633008,1
1500000US150030086262,,1,1,1,0.850000023842,0.0,1,1,,21.5843929492,1
1500000US150030086271,,1,0,1,0.980000019073,81.0,2,1,,34.6151016089,2
1500000US150030086272,,1,0,1,0.980000019073,81.0,3,1,,26.0125715322,1
1500000US150030086273,,1,0,1,0.97000002861,81.0,1,1,,32.4495048523,1
1500000US150030086274,,1,1,1,0.899999976158,0.0,1,1,,22.0671799567,1
1500000US150030086281,,1,0,1,0.910000026226,33.0,1,1,,22.2379973729,1
1500000US150030086282,,1,0,1,0.709999978542,0.0,1,1,,22.2513430913,1
1500000US150030086291,,1,0,1,0.819999992847,0.0,49,1,,21.8035607338,1
1500000US150030086301,,1,0,1,0.949999988079,81.0,4,1,,28.8750321865,1
1500000US150030086302,,1,0,1,0.949999988079,81.0,1,1,,32.9280231476,1
1500000US150030086311,,1,0,1,0.97000002861,81.0,1,1,,30.8140236991,1
1500000US150030086312,,1,0,1,0.959999978542,81.0,4,1,,38.3239925739,1
1500000US150030086321,,1,0,1,0.949999988079,51.0,1,1,,23.285262789,1
1500000US150030086322,,1,0,1,0.77999997139,46.0,1,1,,25.1284226312,1
1500000US150030086323,,1,0,1,0.949999988079,81.0,1,1,,26.2377285957,1
1500000US150030086324,,1,0,1,0.930000007153,81.0,2,1,,23.5668939863,1
1500000US150030086331,,1,0,1,0.980000019073,81.0,8,1,,25.8449126652,1
1500000US150030086341,,1,0,1,0.949999988079,72.0,1,1,,29.3584810893,1
1500000US150030086342,,1,0,1,0.930000007153,78.0,1,1,,28.1567521095,1
1500000US150030086343,,1,0,1,0.97000002861,74.0,1,1,,30.6825173696,1
1500000US150030087061,,1,0,1,0.959999978542,0.0,1,1,,22.4774847031,1
1500000US150030087072,,1,0,1,0.819999992847,26.0,1,1,,24.3859853745,1
1500000US150030087073,,1,0,1,0.829999983311,8.0,1,1,,25.0811314583,1
1500000US150030088011,,1,0,1,0.819999992847,3.0,1,1,,24.127895991,1
1500000US150030088012,,1,0,1,0.889999985695,31.0,1,1,,24.6041437785,1
1500000US150030088023,,1,0,1,0.939999997616,14.0,1,1,,24.0229256948,1
1500000US150030089061,,1,0,1,0.899999976158,72.0,1,1,,34.8685671488,1
1500000US150030089062,,1,0,1,0.930000007153,8.0,1,1,,33.9726638794,1
1500000US150030089063,,1,0,1,0.930000007153,3.0,1,1,,35.1042499542,1
1500000US150030089091,,1,0,1,0.959999978542,0.0,1,1,,31.21941185,1
1500000US150030089092,,1,0,1,0.930000007153,22.0,1,1,,32.671446991,1
1500000US150030089093,,1,0,1,0.939999997616,6.0,1,1,,32.3580799103,1
1500000US150030089121,,1,0,1,0.889999985695,29.0,1,1,,25.0036582947,1
1500000US150030089122,,1,0,1,0.839999973774,3.0,1,1,,24.5545406342,1
1500000US150030089131,,1,0,1,0.920000016689,44.0,1,1,,23.7082916896,1
1500000US150030089132,,1,0,1,0.910000026226,10.0,2,1,,23.619977951,1
1500000US150030089133,,1,0,1,0.939999997616,30.0,1,1,,23.9986624718,1
1500000US150030089171,,1,0,1,0.920000016689,4.0,1,1,,41.913974762,1
1500000US150030089172,,1,0,1,0.889999985695,3.0,2,1,,36.8189790514,1
1500000US150030089173,,1,0,1,0.899999976158,81.0,1,1,,42.7002721514,1
1500000US150030089174,,1,0,1,0.730000019073,64.0,1,1,,39.5939817429,1
1500000US150030089175,,1,0,1,0.870000004768,4.0,1,1,,38.6254606247,1
1500000US150030089181,,1,0,1,0.949999988079,80.0,1,1,,31.4167317611,1
1500000US150030089182,,1,0,1,0.939999997616,81.0,3,1,,36.6737995148,1
1500000US150030089183,,1,0,1,0.939999997616,14.0,3,1,,32.902494812,1
1500000US150030089184,,1,0,1,0.850000023842,48.0,1,1,,34.7430000305,1
1500000US150030089185,,1,0,1,0.930000007153,5.0,1,1,,34.7720470428,1
1500000US150030089211,,1,0,1,0.920000016689,3.0,1,1,,27.0806074142,1
1500000US150030089212,,1,1,1,0.910000026226,78.0,1,1,,26.888331604,1
1500000US150030089261,,1,0,1,0.889999985695,81.0,4,1,,49.807649122,1
1500000US150030089281,,1,0,1,0.879999995232,64.0,5,1,,59.3592652215,1
1500000US150030089282,,1,0,1,0.860000014305,81.0,3,1,,62.7992038727,1
1500000US150030089291,,1,0,1,0.930000007153,54.0,4,1,,45.0454807281,1
1500000US150030089292,,1,0,1,0.910000026226,52.0,1,1,,49.3610833486,1
1500000US150030089293,,1,0,1,0.889999985695,47.0,5,1,,54.0608825684,1
1500000US150030089294,,1,0,1,0.910000026226,59.0,4,1,,51.4709091187,1
1500000US150030089295,,1,0,1,0.910000026226,0.0,7,1,,50.4497032166,1
1500000US150030089301,,1,0,1,0.930000007153,81.0,1,1,,47.1794484456,1
1500000US150030089302,,1,0,1,0.939999997616,52.0,1,1,,49.6265339851,1
1500000US150030089311,,1,1,1,0.930000007153,81.0,8,1,,48.3199581878,2
1500000US150030089312,,1,0,1,0.620000004768,81.0,4,1,,75.240295997,1
1500000US150030089313,,1,0,1,0.850000023842,81.0,8,1,,74.7167154418,1
1500000US150030089321,,1,0,1,0.939999997616,0.0,1,1,,31.6001067162,1
1500000US150030089322,,1,0,1,0.930000007153,13.0,1,1,,32.9849838257,1
1500000US150030089331,,1,0,1,0.97000002861,81.0,1,1,,29.2809174553,1
1500000US150030089332,,1,0,1,0.939999997616,0.0,1,1,,30.5282850266,1
1500000US150030089341,,1,0,1,0.990000009537,15.0,3,1,,25.7458257675,1
1500000US150030089342,,1,0,1,0.949999988079,0.0,11,1,,26.4812226295,1
1500000US150030089343,,1,0,1,0.980000019073,81.0,6,1,,31.4591394941,1
1500000US150030089351,,1,0,1,0.980000019073,42.0,1,1,,25.2190499306,1
1500000US150030089352,,1,0,1,0.959999978542,64.0,1,1,,25.0785649618,1
1500000US150030089361,,1,0,1,0.959999978542,71.0,1,1,,24.7438836779,1
1500000US150030089362,,1,0,1,0.949999988079,60.0,1,1,,24.2401536306,1
1500000US150030089371,,1,0,1,0.959999978542,4.0,1,1,,23.1159777641,1
1500000US150030089381,,1,0,1,0.839999973774,0.0,1,1,,23.3365039825,1
1500000US150030089382,,1,0,1,0.959999978542,1.0,1,1,,23.3165574074,1
1500000US150030089391,,1,0,1,0.949999988079,70.0,1,1,,39.9323572012,1
1500000US150030089392,,1,1,1,0.759999990463,81.0,5,1,,39.1357088089,1
1500000US150030089393,,1,1,1,0.639999985695,80.0,1,1,,40.2021850586,1
1500000US150030089401,,1,0,1,0.939999997616,61.0,1,1,,39.9686541239,1
1500000US150030089402,,1,0,1,0.949999988079,52.0,1,1,,42.4090576172,1
1500000US150030089411,,2,0,1,0.930000007153,8.0,1,1,,37.2967508489,1
1500000US150030089421,,1,0,1,0.949999988079,59.0,1,1,,40.1904511452,1
1500000US150030089422,,1,0,1,0.930000007153,73.0,2,1,,37.1890538534,1
1500000US150030089431,,1,0,1,0.910000026226,81.0,1,1,,50.9522268507,1
1500000US150030089441,,1,0,1,0.879999995232,78.0,1,1,,44.1041612625,1
1500000US150030089442,,1,0,1,0.910000026226,77.0,1,1,,45.5390991211,1
1500000US150030089443,,1,0,1,0.910000026226,63.0,7,1,,46.5536880493,1
1500000US150030089451,,1,0,1,0.939999997616,81.0,8,1,,35.040486319,1
1500000US150030089461,,1,0,1,0.939999997616,0.0,1,1,,28.8845500946,1
1500000US150030089462,,1,0,1,0.949999988079,80.0,1,1,,28.7384380341,1
1500000US150030089463,,1,0,1,0.949999988079,0.0,1,1,,29.5465183258,1
1500000US150030089471,,1,0,1,0.930000007153,0.0,1,1,,28.6682254791,1
1500000US150030089481,,1,0,1,0.939999997616,0.0,1,1,,28.0913038254,1
1500000US150030089482,,1,0,1,0.930000007153,0.0,1,1,,27.7018623352,1
1500000US150030089483,,1,0,1,0.949999988079,0.0,1,1,,28.5033359528,1
1500000US150030089491,,1,0,1,0.949999988079,45.0,1,1,,25.7665578402,1
1500000US150030089501,,1,0,1,0.97000002861,51.0,1,1,,25.0384676797,1
1500000US150030089511,,1,0,1,0.959999978542,3.0,1,1,,24.8628457387,1
1500000US150030089512,,1,0,1,0.939999997616,7.0,1,1,,24.507692337,1
1500000US150030089521,,1,0,1,0.959999978542,81.0,5,1,,27.0513596535,1
1500000US150030089522,,1,0,1,0.949999988079,44.0,1,1,,25.583844445,1
1500000US150030089523,,1,1,1,0.980000019073,81.0,2,1,,24.8562554253,1
1500000US150030090001,,1,0,1,0.899999976158,81.0,1,1,,36.6507812008,1
1500000US150030090002,,2,0,1,0.930000007153,81.0,1,1,,38.1185621286,1
1500000US150030091001,,1,0,1,0.920000016689,70.0,1,1,,44.1519992663,1
1500000US150030091002,,1,0,1,0.920000016689,81.0,2,1,,51.9918144352,1
1500000US150030091003,,1,0,1,0.870000004768,43.0,1,1,,48.2633609772,1
1500000US150030092011,,1,0,1,0.800000011921,69.0,4,1,,59.489516449,1
1500000US150030092012,,1,0,1,0.52999997139,71.0,1,1,,69.2138722738,1
1500000US150030092013,,1,0,1,0.550000011921,81.0,1,1,,77.1331545512,1
1500000US150030092021,,1,0,1,0.839999973774,81.0,12,1,,60.3050315163,1
1500000US150030092022,,1,0,1,0.800000011921,31.0,2,1,,59.2113712311,1
1500000US150030092031,,2,0,1,0.850000023842,78.0,6,1,,51.8949223687,1
1500000US150030093011,,1,0,1,0.870000004768,73.0,1,1,,45.5716972351,1
1500000US150030093021,,1,0,1,0.879999995232,56.0,1,1,,47.305519104,1
1500000US150030093022,,1,0,1,0.860000014305,16.0,1,1,,44.640666008,1
1500000US150030093023,,1,0,1,0.889999985695,78.0,1,1,,47.9018259048,1
1500000US150030094011,,1,0,1,0.930000007153,57.0,1,1,,39.7678805033,1
1500000US150030094021,,1,0,1,0.889999985695,5.0,1,1,,42.5775527954,1
1500000US150030094022,,1,0,1,0.899999976158,61.0,3,1,,43.0191192627,1
1500000US150030094023,,1,0,1,0.77999997139,27.0,1,1,,41.1073597499,1
1500000US150030095071,,1,0,1,0.910000026226,81.0,1,1,,38.5256658034,1
1500000US150030095072,,1,0,1,0.930000007153,0.0,1,1,,38.4439201355,1
1500000US150030095081,,1,0,1,0.920000016689,4.0,1,1,,38.7284466137,1
1500000US150030095091,,1,0,1,0.920000016689,0.0,1,1,,38.488615036,1
1500000US150030095092,,1,0,1,0.889999985695,0.0,1,1,,38.3248375787,1
1500000US150030095101,,1,0,1,0.910000026226,0.0,1,1,,39.0514437358,1
1500000US150030095102,,1,0,1,0.730000019073,0.0,1,1,,39.5955924988,1
1500000US150030095111,,1,0,1,0.889999985695,24.0,1,1,,38.528842926,1
1500000US150030095112,,1,0,1,0.910000026226,45.0,1,1,,38.1094596169,1
1500000US150030095121,,1,0,1,0.910000026226,35.0,11,1,,38.4187352107,1
1500000US150030095122,,1,0,1,0.949999988079,67.0,1,1,,37.9178746541,1
1500000US150030095123,,1,0,1,0.930000007153,13.0,1,1,,38.1783924103,1
1500000US150030096092,,1,0,1,0.930000007153,1.0,1,1,,22.7057600021,1
1500000US150030096093,,1,0,1,0.949999988079,81.0,1,1,,23.3022998361,1
1500000US150030097041,,1,0,1,0.990000009537,81.0,239,1,,25.9583816221,1
1500000US150030097051,,1,0,1,0.889999985695,42.0,1,1,,21.9580039978,1
1500000US150030097053,,1,1,1,0.920000016689,41.0,5,1,,21.7362346649,1
1500000US150030097061,,1,0,1,0.949999988079,81.0,134,1,,31.6910481589,1
1500000US150030097062,,1,0,1,0.959999978542,81.0,83,1,,23.117372814,1
1500000US150030097063,,1,0,1,0.959999978542,80.0,30,1,,26.7715666635,1
1500000US150030098041,,1,0,1,0.910000026226,0.0,1,1,,25.6957187653,1
1500000US150030098043,,1,1,1,0.930000007153,7.0,34,1,,25.7084884644,1
1500000US150030100002,,1,1,1,0.920000016689,81.0,69,1,,38.1126754183,1
1500000US150030100003,,1,0,1,0.879999995232,70.0,1,1,,53.6066218785,1
1500000US150030103051,,1,1,1,0.330000013113,81.0,46,1,,80.4078796387,1
1500000US150030103081,,1,0,1,0.310000002384,81.0,4,1,,70.7349980672,1
1500000US150030103082,,1,0,1,0.310000002384,51.0,6,1,,73.3578391075,1
1500000US150030103083,,1,0,1,0.330000013113,81.0,12,1,,86.6473504887,1
1500000US150030103091,,1,0,1,0.340000003576,81.0,202,1,,80.2650088384,1
1500000US150030103092,,1,1,1,0.330000013113,59.0,1,1,,72.0224693298,1
1500000US150030103093,,1,0,1,0.360000014305,81.0,1,1,,92.3008068848,1
1500000US150030103102,,1,0,1,0.310000002384,72.0,1,1,,62.4812011719,1
1500000US150030105031,,1,0,1,0.310000002384,61.0,1,1,,73.018423814,1
1500000US150030105032,,1,1,1,0.289999991655,81.0,1,1,0.016694361571,60.263862186,1
1500000US150030105052,,1,1,1,0.370000004768,31.0,1,1,,58.5931539536,1
1500000US150030105071,,1,0,1,0.330000013113,32.0,1,1,,59.498120202,1
1500000US150030105072,,1,1,1,0.289999991655,44.0,1,1,,62.6889629364,1
1500000US150030105073,,1,0,1,0.310000002384,35.0,14,1,,70.0322921753,1
1500000US150030105074,,1,0,1,0.280000001192,79.0,1,1,,80.6156781514,1
1500000US150030105082,,1,0,1,0.310000002384,81.0,3,1,,50.3260293007,1
1500000US150030105091,,1,1,1,0.310000002384,34.0,1,1,,54.0784937541,1
1500000US150030105092,,1,1,1,0.280000001192,29.0,1,1,,52.6732177734,1
1500000US150030106012,,1,0,1,0.310000002384,3.0,1,1,0.237151200986,59.287472407,1
1500000US150030106013,,1,0,1,0.25,8.0,1,1,0.0378071186927,61.4582767487,1
1500000US150030106021,,1,0,1,0.319999992847,63.0,3,1,,68.5977740818,1
1500000US150030106022,,1,0,1,0.310000002384,78.0,16,1,,71.5899115668,1
1500000US150030106023,,2,1,1,0.330000013113,48.0,1,1,,60.8229955946,1
1500000US150030107011,,1,0,1,0.40000000596,81.0,1,1,,48.3964958191,1
1500000US150030107021,,1,0,1,0.40000000596,81.0,4,1,,57.8340792163,1
1500000US150030107022,,1,1,1,0.340000003576,39.0,1,1,,58.0313673019,1
1500000US150030107023,,1,0,1,0.310000002384,35.0,1,1,,55.069038868,1
1500000US150030111032,,1,0,1,0.850000023842,81.0,11,1,,42.4240554006,1
1500000US150030111065,,1,0,1,0.870000004768,73.0,1,1,,35.8222473145,1
1500000US150030113001,,1,1,1,0.920000016689,81.0,170,1,,55.2185183026,1
1500000US150030115001,,1,0,1,0.850000023842,0.0,7,1,,21.6397290911,1
1500000US150030115002,,1,0,1,0.910000026226,0.0,6,1,,21.7771412532,1
1500000US150030115003,,1,0,1,0.860000014305,30.0,9,1,,21.4960222244,1
1500000US150030115004,,1,0,1,0.860000014305,38.0,6,1,,21.5491373399,1
1500000US150030115005,,1,0,1,0.899999976158,62.0,14,1,,22.2112802124,1
1500000US150030116001,,1,0,1,0.34999999404,81.0,276,1,,91.3486123478,1
1500000US150030116002,,1,0,1,0.800000011921,81.0,90,1,,44.322338451,1
1500000US150039806001,,1,0,1,0.879999995232,81.0,1,1,,44.0374245755,1
1500000US150039807001,,1,0,1,0.870000004768,81.0,1,1,,61.6438784255,1
1500000US150039808001,,1,0,1,0.300000011921,75.0,12,1,,79.8964806759,1
1500000US150039812001,,1,0,1,,,1,1,,,1
1500000US150039821001,,1,0,1,,0.0,5,1,,33.905418396,1
1500000US150070402041,,1,1,1,0.519999980927,81.0,502,1,,63.8854264739,1
1500000US150070402042,,1,1,1,0.479999989271,81.0,787,1,,74.0341457498,1
1500000US150070403011,,1,0,1,0.680000007153,62.0,361,1,,43.5679238059,1
1500000US150070404011,,1,1,1,0.75,81.0,2,1,,47.5600391388,1
1500000US150070404022,,2,0,1,0.709999978542,72.0,276,1,,58.368729376,1
1500000US150070405001,,1,1,1,0.670000016689,80.0,23,1,,50.2121291161,1
1500000US150070406041,,1,1,1,0.77999997139,81.0,536,1,,67.1709550605,1
1500000US150070407011,,1,1,1,0.670000016689,81.0,338,1,,75.3686999707,1
1500000US150070407012,,1,1,1,0.800000011921,81.0,390,1,,64.2377677917,1
1500000US150070407021,,1,1,1,0.889999985695,81.0,543,1,,55.772942208,1
1500000US150070407022,,1,1,1,0.829999983311,81.0,329,1,,53.3569938953,1
1500000US150070412001,,1,0,1,,81.0,1,1,,,1
1500000US150079901000,,1,0,1,,0.0,1,1,,19.0434083939,1
1500000US150079902000,,1,0,1,,9.0,1,1,,,1
1500000US150090302031,,1,0,1,0.610000014305,81.0,570,1,,76.8321892744,1
1500000US150090302032,,1,1,1,0.670000016689,81.0,434,1,0.145872311572,58.8536640868,1
1500000US150090302041,,1,0,1,0.730000019073,81.0,306,1,,61.7928103279,1
1500000US150090302042,,1,0,1,0.589999973774,81.0,391,1,,77.0747597793,1
1500000US150090303041,,1,0,1,0.819999992847,81.0,500,1,,23.5878947444,1
1500000US150090303042,,1,0,1,0.709999978542,81.0,294,1,,26.3369865417,1
1500000US150090303051,,1,0,1,0.589999973774,81.0,257,1,,43.4516866822,1
1500000US150090303052,,1,0,1,0.600000023842,81.0,418,1,,25.8237330967,1
1500000US150090303054,,1,0,1,0.629999995232,81.0,608,1,,32.0573545893,1
1500000US150090303061,,1,1,1,0.850000023842,76.0,612,1,,13.8034661081,1
1500000US150090304031,,1,0,1,0.519999980927,81.0,309,1,,83.5753098007,1
1500000US150090304032,,1,0,1,0.670000016689,73.0,591,1,,54.3360051473,1
1500000US150090304041,,1,0,1,0.850000023842,81.0,108,1,,53.6944284661,1
1500000US150090304042,,1,0,1,0.629999995232,72.0,449,1,,60.3695755005,1
1500000US150090304043,,1,0,1,0.699999988079,67.0,547,1,,48.8018153797,1
1500000US150090304051,,1,0,1,0.839999973774,81.0,479,1,,42.3462559746,1
1500000US150090304061,,1,0,1,0.649999976158,51.0,437,1,,39.4393592411,1
1500000US150090304062,,1,0,1,0.670000016689,35.0,180,1,,37.1364265442,1
1500000US150090304063,,1,0,1,0.769999980927,81.0,497,1,,34.9194079449,1
1500000US150090307051,,1,1,1,0.930000007153,47.0,10,1,,12.0915813299,1
1500000US150090307052,,1,0,1,0.899999976158,9.0,2,1,,10.8447779655,1
1500000US150090307093,,1,1,1,0.899999976158,26.0,13,1,0.0920324575911,12.1302695956,1
1500000US150090307102,,1,0,1,0.850000023842,27.0,1,1,,12.3863298893,1
1500000US150090307112,,1,1,1,0.860000014305,0.0,2,1,,10.7882302602,1
1500000US150090308002,,1,1,1,0.77999997139,81.0,46,1,,42.6324933314,1
1500000US150090308003,,1,1,1,0.839999973774,81.0,231,1,,27.9391095535,1
1500000US150090309011,,1,1,1,0.800000011921,41.0,7,1,,32.6395442963,1
1500000US150090309012,,1,1,1,0.740000009537,67.0,11,1,,30.4133408864,1
1500000US150090309013,,1,1,1,0.810000002384,55.0,10,1,,26.0646549861,1
1500000US150090309021,,1,1,1,0.939999997616,51.0,67,1,,22.2464191437,1
1500000US150090309031,,1,0,1,0.910000026226,80.0,1,1,,24.3123482068,1
1500000US150090309032,,1,1,1,0.829999983311,67.0,31,1,,25.8993092946,1
1500000US150090310011,,1,0,1,0.790000021458,81.0,116,1,,46.1255973078,1
1500000US150090310012,,1,0,1,0.790000021458,81.0,123,1,,38.1003909444,1
1500000US150090310013,,1,0,1,0.77999997139,18.0,8,1,,26.7476388295,1
1500000US150090310014,,1,0,1,0.819999992847,52.0,20,1,,31.8326509264,1
1500000US150090310021,,1,1,1,0.800000011921,57.0,4,1,,26.7178357442,1
1500000US150090310022,,1,0,1,0.899999976158,80.0,39,1,,22.1004609501,1
1500000US150090311021,,1,0,1,0.889999985695,47.0,1,1,,18.2435340881,1
1500000US150090311022,,1,0,1,0.910000026226,55.0,4,1,,18.0903313955,1
1500000US150090311023,,1,0,1,0.889999985695,48.0,2,1,,17.384762764,1
1500000US150090311041,,1,0,1,0.819999992847,5.0,27,1,,17.217900149,1
1500000US150090311051,,1,0,1,0.639999985695,0.0,1,1,,17.31072553,1
1500000US150090311052,,1,0,1,0.899999976158,0.0,3,1,,16.9320793152,1
1500000US150090311053,,1,0,1,0.839999973774,0.0,1,1,,16.6044425964,1
1500000US150090311061,,1,0,1,0.870000004768,74.0,35,1,,19.0807499886,1
1500000US150090311062,,1,0,1,0.769999980927,44.0,11,1,,19.1739597321,1
1500000US150090311071,,1,1,1,0.839999973774,71.0,25,1,,20.0425015839,1
1500000US150090314051,,1,1,1,0.930000007153,81.0,4,1,,17.1572847366,1
1500000US150090314052,,2,1,1,0.850000023842,78.0,1,1,,18.4071837531,1
1500000US150090314053,,1,1,1,0.889999985695,6.0,1,1,,13.823327337,1
1500000US150090314054,,1,1,1,0.829999983311,31.0,1,1,,15.5506490072,1
1500000US150090315052,,1,1,1,0.709999978542,60.0,31,1,2.04348911242,29.2478190528,1
1500000US150090315053,,1,1,1,0.819999992847,77.0,13,1,3.39032097262,37.5152907525,1
1500000US150090316012,,1,0,1,0.620000004768,10.0,1,1,,30.3520531654,1
1500000US150090319002,,1,0,1,0.899999976158,0.0,1,1,,16.5161879857,1
1500000US150099800001,,1,1,1,0.889999985695,81.0,1,1,,15.9030402193,1
1500000US150099900000,,1,1,1,,11.0,1,1,0.00731617585995,24.3620735168,1
1500000US150099902000,,1,1,1,,31.0,1,1,0.000294658638919,72.9739233053,1
1500000US150099912000,,1,0,1,,,1,1,,,1
