GEOIDFQ,cat4_mom_slosh_hightide_maximum,emergency_shelters_count,FEMA_SFHA_intersect,igtn_prob_test_maximum,n10_landslide_susc_maximum,slrxa_3pt2ft_acres,slrxa_3pt2ft_intersect,slrxa_3pt2ft_pct,staterf_inann_mean
1500000US150010201002,9.0,1,0,0.759999990463,81.0,10.3463336773,1,0.260461,163.873453542
1500000US150010201003,14.0,1,0,0.77999997139,81.0,51.8822253066,1,0.496974,172.082143344
1500000US150010201004,10.0,1,0,0.740000009537,81.0,11.5067574261,1,0.816527,151.644548222
1500000US150010202021,14.0,2,1,0.870000004768,81.0,1.05829730534,1,0.00764215,170.110687247
1500000US150010202022,13.0,1,1,0.769999980927,80.0,3.92859713221,1,0.444256,151.650893893
1500000US150010203001,17.0,3,1,0.839999973774,74.0,0.191127087328,1,0.0448044,164.206399326
1500000US150010203002,19.0,1,1,0.72000002861,75.0,6.31542840402,1,7.82946,144.807830811
1500000US150010203003,18.0,2,1,0.790000021458,74.0,1.8181620198,1,0.576712,146.983680362
1500000US150010204003,21.0,1,1,0.800000011921,26.0,34.4223185321,1,8.50411,141.098942096
1500000US150010205001,17.0,1,1,0.77999997139,0.0,32.7401979309,1,9.88766,135.796904714
1500000US150010206001,14.0,1,1,0.829999983311,13.0,154.704684622,1,8.66938,129.101178465
1500000US150010206002,8.0,1,1,0.810000002384,35.0,,0,,133.691039332
1500000US150010206003,7.0,1,1,0.790000021458,18.0,31.348412859,1,5.521,129.611833845
1500000US150010210131,11.0,3,1,0.829999983311,43.0,24.9289747476,1,0.35948,134.416234162
1500000US150010210143,9.0,1,1,0.819999992847,23.0,6.76276479061,1,0.27384,129.531043148
1500000US150010210151,9.0,1,1,0.819999992847,26.0,8.57878549774,1,0.330657,128.470465891
1500000US150010211011,9.0,1,1,0.819999992847,81.0,170.490077896,1,2.16017,100.156311302
1500000US150010211013,8.0,1,1,0.850000023842,81.0,56.9271816409,1,0.7074,104.315653799
1500000US150010211071,8.0,2,1,0.850000023842,81.0,1.15664410092,1,0.00770283,124.768762649
1500000US150010211081,9.0,1,1,0.839999973774,81.0,43.4423265359,1,0.662439,111.649257732
1500000US150010211082,9.0,1,1,0.829999983311,43.0,25.0567880811,1,0.479453,130.240188845
1500000US150010212031,9.0,1,1,0.910000026226,81.0,27.9586472773,1,0.228036,66.4265093168
1500000US150010212034,9.0,1,1,0.850000023842,81.0,31.1370670356,1,0.34548,55.0799652537
1500000US150010212041,9.0,1,1,0.910000026226,81.0,5.52573707124,1,0.158018,32.1057514719
1500000US150010212043,9.0,1,1,0.930000007153,81.0,0.728181385631,1,0.00829566,41.3493408075
1500000US150010213003,11.0,1,1,0.939999997616,81.0,108.229817825,1,0.786921,35.853100505
1500000US150010214021,9.0,1,1,0.939999997616,81.0,5.41744374772,1,0.205151,40.3807803385
1500000US150010215042,20.0,3,1,0.949999988079,81.0,133.158150447,1,2.22938,25.7061060877
1500000US150010215101,10.0,1,1,0.759999990463,81.0,1.37022789532,1,0.276267,33.4085853946
1500000US150010215103,10.0,1,1,0.910000026226,81.0,2.51803840709,1,0.193852,37.3095200701
1500000US150010215104,10.0,1,1,0.829999983311,81.0,4.90265665996,1,0.695793,34.79832218
1500000US150010215131,11.0,1,1,0.980000019073,81.0,65.130385269,1,0.451329,18.7836067238
1500000US150010216052,10.0,1,1,0.740000009537,50.0,6.08358728687,1,5.0172,28.5621492863
1500000US150010216053,10.0,1,1,0.819999992847,80.0,10.4782126483,1,0.994255,36.779822136
1500000US150010216081,10.0,1,1,0.759999990463,40.0,2.87046237667,1,4.21998,28.6330871582
1500000US150010216082,11.0,1,1,0.730000019073,2.0,0.843028835952,1,0.441361,31.2190168699
1500000US150010217081,16.0,1,1,1.0,81.0,200.067245718,1,2.39909,14.1483175046
1500000US150010218002,11.0,2,1,1.0,81.0,32.4766870923,1,0.155524,36.3474184235
1500000US150010218003,8.0,2,1,0.920000016689,80.0,1.13417280157,1,0.0476883,62.8827080665
1500000US150010218004,9.0,1,1,0.899999976158,81.0,25.2278504881,1,0.285334,75.6207522369
1500000US150010219021,9.0,1,1,0.949999988079,81.0,64.6764206007,1,0.267809,81.8113194364
1500000US150010220001,8.0,1,0,0.939999997616,81.0,2.70547313447,1,0.00997042,71.2261648595
1500000US150010220002,8.0,1,1,0.959999978542,81.0,6.04193763727,1,0.187963,87.1578715201
1500000US150010221021,9.0,1,0,0.97000002861,81.0,36.6651722593,1,0.198827,145.733971747
1500000US150010221022,9.0,1,0,0.910000026226,81.0,12.5927591145,1,0.565857,167.82824498
1500000US150030001071,9.0,1,1,0.829999983311,81.0,0.41877958822,1,0.10909,35.184242912
1500000US150030001072,11.0,2,1,0.810000002384,81.0,59.1332689089,1,32.6627,33.8258197491
1500000US150030001081,8.0,2,1,0.810000002384,0.0,54.6408204747,1,33.2865,31.2814953544
1500000US150030001082,8.0,1,1,0.540000021458,23.0,16.2068504534,1,33.5221,33.5844790141
1500000US150030001083,9.0,1,1,0.579999983311,44.0,67.1839786151,1,48.9255,33.1210070716
1500000US150030001102,8.0,1,1,0.879999995232,81.0,36.5427809679,1,8.82668,27.6415371895
1500000US150030001141,6.0,1,1,0.75,14.0,3.17394485606,1,3.15635,27.0584723949
1500000US150030001142,8.0,1,1,0.819999992847,81.0,29.6710769502,1,14.0689,26.4742834909
1500000US150030001151,7.0,1,1,0.800000011921,81.0,0.3853416706,1,0.0876595,45.456303083
1500000US150030001153,9.0,1,0,0.560000002384,3.0,0.404388803943,1,1.46977,38.211523056
1500000US150030001161,10.0,1,0,0.930000007153,81.0,2.98462914785,1,1.28598,45.4796437158
1500000US150030001171,6.0,1,0,0.819999992847,81.0,0.477823660454,1,0.230073,38.3607541598
1500000US150030001181,2.0,1,0,0.939999997616,81.0,,0,,37.9958619839
1500000US150030001191,1.0,2,0,0.730000019073,63.0,,0,,31.2704273224
1500000US150030001193,9.0,2,1,0.819999992847,0.0,26.3446869858,1,35.5209,32.4396591187
1500000US150030001201,9.0,1,0,0.800000011921,34.0,0.769641162151,1,1.62181,33.1492411296
1500000US150030001203,9.0,1,1,0.839999973774,81.0,0.591179190238,1,0.162077,32.6762723923
1500000US150030001211,7.0,1,1,0.790000021458,0.0,15.2428095527,1,24.1931,30.685667038
1500000US150030001212,7.0,2,1,0.600000023842,0.0,72.6482302258,1,54.0704,29.0619415283
1500000US150030001223,8.0,2,0,0.790000021458,81.0,,0,,29.9263987108
1500000US150030002001,9.0,1,1,0.600000023842,4.0,67.315518006,1,48.4492,30.3491945267
1500000US150030002003,9.0,1,1,0.589999973774,81.0,2.45053143231,1,1.43009,32.1949954033
1500000US150030002004,7.0,1,1,0.620000004768,81.0,0.493442206269,1,0.145052,40.2642137628
1500000US150030002005,8.0,1,1,0.699999988079,81.0,1.17236936167,1,0.546742,42.0761997825
1500000US150030002006,9.0,1,1,0.540000021458,9.0,7.68024899835,1,14.3566,34.4678024292
1500000US150030003011,8.0,1,1,0.639999985695,81.0,0.490971964329,1,0.101998,52.2586156573
1500000US150030003012,4.0,2,1,0.629999995232,81.0,,0,,38.8943030834
1500000US150030003022,9.0,2,1,0.639999985695,71.0,27.6310151091,1,13.9657,30.8903748194
1500000US150030004022,4.0,2,0,0.550000011921,81.0,0.183735092873,1,0.0497889,38.3988398772
1500000US150030005001,10.0,2,1,0.569999992847,1.0,6.77016317641,1,5.40768,29.017472744
1500000US150030005003,10.0,2,1,0.600000023842,58.0,11.8937063347,1,9.3283,25.9633744558
1500000US150030005004,9.0,1,1,0.560000002384,0.0,5.45376456971,1,3.87339,27.4619762897
1500000US150030005005,10.0,4,1,0.550000011921,3.0,21.7191428063,1,9.20528,29.7519917806
1500000US150030006001,5.0,2,1,0.649999976158,81.0,2.71904413769,1,0.506332,23.7123116629
1500000US150030006002,9.0,1,1,0.589999973774,81.0,12.2881544282,1,5.18307,24.6606116295
1500000US150030016011,3.0,2,0,0.600000023842,0.0,,0,,25.6162233353
1500000US150030016012,7.0,2,0,0.52999997139,0.0,0.088254050576,1,0.271736,25.5804347992
1500000US150030017001,4.0,2,1,0.629999995232,41.0,,0,,23.545419693
1500000US150030017002,11.0,2,1,0.579999983311,80.0,33.712578343,1,14.4429,23.2917865753
1500000US150030018011,6.0,1,1,0.579999983311,0.0,3.66213224218,1,15.2362,25.3790391286
1500000US150030018012,7.0,2,1,0.589999973774,0.0,2.46108231381,1,13.7409,24.7151699066
1500000US150030018031,9.0,1,1,,0.0,0.558046180001,1,9.73989,
1500000US150030018032,6.0,1,1,0.419999986887,0.0,0.248062959808,1,6.66311,26.0163021088
1500000US150030018033,12.0,1,1,0.469999998808,0.0,6.94728801512,1,43.9756,
1500000US150030018034,9.0,1,1,,0.0,0.459534102859,1,6.84849,
1500000US150030018041,8.0,1,1,,0.0,0.460212692183,1,3.79186,25.6289615631
1500000US150030018042,7.0,2,1,0.469999998808,0.0,0.44642762665,1,1.8884,25.0393943787
1500000US150030019011,11.0,3,1,0.660000026226,0.0,83.7887073016,1,29.0832,25.2134720484
1500000US150030019051,10.0,2,1,0.540000021458,0.0,3.50422549357,1,59.5927,
1500000US150030019052,11.0,1,1,,0.0,5.6035515768,1,61.3307,25.9729995728
1500000US150030019061,10.0,2,1,,0.0,1.48202596825,1,18.8612,26.440158844
1500000US150030019062,10.0,2,1,,0.0,1.76338330032,1,33.1598,
1500000US150030019063,12.0,2,1,0.449999988079,0.0,5.00239157811,1,49.7099,26.6997013092
1500000US150030019071,11.0,1,1,0.620000004768,0.0,3.95369190093,1,58.8522,
1500000US150030019072,8.0,1,1,0.25,0.0,1.88526468988,1,44.2477,26.1856021881
1500000US150030019073,8.0,2,1,,0.0,2.97851465283,1,59.1007,
1500000US150030020031,8.0,1,1,,0.0,0.739248843197,1,3.20594,25.9684181213
1500000US150030020032,7.0,1,1,0.600000023842,0.0,0.942412456154,1,7.73118,
1500000US150030020041,7.0,1,1,,0.0,0.690697191285,1,14.129,26.0760974884
1500000US150030020042,10.0,1,1,0.319999992847,0.0,9.19789600089,1,27.1631,25.8335056305
1500000US150030020051,11.0,2,1,0.540000021458,0.0,3.54012667211,1,24.7278,26.9794998169
1500000US150030020052,11.0,2,1,0.639999985695,0.0,5.18856580969,1,34.3384,27.0022506714
1500000US150030020061,11.0,1,1,0.600000023842,0.0,4.67484872354,1,27.3235,26.5483255386
1500000US150030020062,10.0,1,1,0.639999985695,0.0,5.14191590652,1,22.3341,26.0849189758
1500000US150030021011,11.0,4,1,0.490000009537,0.0,60.9199911731,1,34.3497,26.9073326928
1500000US150030021012,5.0,1,1,,0.0,,0,,
1500000US150030021013,5.0,2,1,0.52999997139,0.0,,0,,28.1509590149
1500000US150030021021,10.0,3,1,0.389999985695,5.0,1.89413222594,1,4.51031,29.1231822968
1500000US150030021022,7.0,3,1,0.600000023842,11.0,0.681586819883,1,1.20132,29.5005283356
1500000US150030022031,11.0,3,1,0.560000002384,0.0,24.8813592865,1,47.7073,27.4402098656
1500000US150030022041,10.0,2,1,0.340000003576,0.0,1.71933019976,1,13.284,27.5849285126
1500000US150030022051,10.0,2,1,0.610000014305,0.0,7.81748622737,1,17.4485,27.7403116226
1500000US150030022061,5.0,2,1,0.300000011921,0.0,,0,,
1500000US150030022062,10.0,3,1,0.379999995232,28.0,0.974316770764,1,6.05052,28.5007476807
1500000US150030023011,7.0,3,1,0.550000011921,19.0,0.126748666344,1,0.60085,29.8100948334
1500000US150030023012,6.0,3,0,0.230000004172,0.0,,0,,29.9395189285
1500000US150030023013,7.0,3,0,0.25,0.0,,0,,28.9057807922
1500000US150030023021,8.0,2,1,0.300000011921,0.0,0.77389865712,1,4.09687,28.6046524048
1500000US150030023022,8.0,1,1,0.610000014305,0.0,2.4463626241,1,13.3699,29.4541339874
1500000US150030024011,12.0,2,1,0.629999995232,0.0,4.16989239205,1,27.6231,28.2790031433
1500000US150030024012,8.0,3,1,0.670000016689,0.0,3.30635020663,1,33.6162,28.7431564331
1500000US150030024013,8.0,3,1,0.569999992847,0.0,2.53963343952,1,29.9564,
1500000US150030024014,8.0,3,1,,0.0,1.48359168458,1,17.4487,28.3796672821
1500000US150030024031,7.0,3,1,0.569999992847,0.0,,0,,
1500000US150030024032,8.0,3,1,0.689999997616,0.0,0.476482664501,1,4.20347,29.7653217316
1500000US150030024041,11.0,2,0,0.629999995232,0.0,1.26594900932,1,7.04436,30.5530910492
1500000US150030024042,8.0,3,1,0.620000004768,0.0,0.826432582248,1,4.01166,29.6232318878
1500000US150030025001,12.0,4,1,0.620000004768,0.0,10.6675461526,1,17.9403,28.9305217743
1500000US150030025002,9.0,3,1,0.629999995232,0.0,7.86400935397,1,26.4689,28.4809827805
1500000US150030025003,8.0,3,1,0.610000014305,0.0,0.691108978617,1,4.06037,30.4961776733
1500000US150030026002,7.0,3,0,0.639999985695,33.0,,0,,31.5930452347
1500000US150030026003,4.0,3,0,0.680000007153,0.0,,0,,31.9543471336
1500000US150030026004,4.0,3,0,0.649999976158,0.0,,0,,31.1470403671
1500000US150030027012,1.0,4,1,0.600000023842,49.0,,0,,31.9488716125
1500000US150030027024,1.0,3,0,0.610000014305,13.0,,0,,34.2509536743
1500000US150030036031,6.0,5,0,0.289999991655,0.0,,0,,29.2212562561
1500000US150030036032,6.0,3,0,,0.0,,0,,28.3742656708
1500000US150030036033,5.0,4,0,0.479999989271,0.0,,0,,
1500000US150030036041,8.0,3,0,0.699999988079,0.0,3.07267692057,1,11.9516,27.5953941345
1500000US150030036042,8.0,3,1,0.180000007153,0.0,0.127068371938,1,0.597494,27.6184740067
1500000US150030036051,8.0,4,1,0.629999995232,0.0,0.155003825123,1,0.408005,27.6500676473
1500000US150030036061,7.0,5,0,0.660000026226,0.0,,0,,28.7273171743
1500000US150030036062,8.0,3,1,0.72000002861,0.0,0.153026456811,1,1.01009,27.5706634521
1500000US150030037011,10.0,3,1,0.620000004768,0.0,1.90722393789,1,25.4721,26.420042038
1500000US150030037012,10.0,2,1,,0.0,2.38407454231,1,23.7208,
1500000US150030037013,8.0,3,1,,0.0,0.717328681386,1,6.58085,26.8228874207
1500000US150030037014,11.0,3,1,0.439999997616,0.0,3.29156751355,1,22.7457,27.2363529205
1500000US150030037021,9.0,2,1,0.829999983311,0.0,0.557985233774,1,4.74455,26.3286399841
1500000US150030037022,8.0,2,1,,0.0,0.675575878986,1,14.1575,26.4930877686
1500000US150030037023,8.0,2,1,0.579999983311,0.0,8.18672659334,1,18.9725,25.9088973999
1500000US150030037024,8.0,2,1,0.209999993443,0.0,1.04650538096,1,14.2592,
1500000US150030037031,9.0,2,1,0.920000016689,0.0,0.336652182414,1,1.64279,26.716135025
1500000US150030037032,7.0,4,1,0.20000000298,0.0,0.645427810223,1,5.14352,26.9556922913
1500000US150030037033,8.0,2,1,0.730000019073,0.0,5.21713981752,1,26.3306,25.7637739182
1500000US150030037034,12.0,1,1,0.34999999404,11.0,80.9727192651,1,32.9369,25.0258835157
1500000US150030037035,9.0,5,1,0.660000026226,0.0,15.0812279814,1,9.6867,27.0823047638
1500000US150030038011,8.0,1,1,0.810000002384,0.0,0.523333250676,1,2.03037,26.654507637
1500000US150030038012,8.0,2,1,0.829999983311,0.0,6.18339027324,1,22.5444,26.3317661285
1500000US150030038013,8.0,1,1,0.77999997139,51.0,2.7429512358,1,4.97199,24.1704788208
1500000US150030038014,10.0,1,1,0.239999994636,0.0,3.87968728761,1,13.3523,25.7210245132
1500000US150030038015,10.0,1,1,0.899999976158,0.0,52.112081475,1,37.5357,24.7711034255
1500000US150030038021,9.0,2,1,0.550000011921,0.0,2.01668950548,1,9.11907,26.7427024841
1500000US150030038022,7.0,2,0,0.389999985695,0.0,0.0657597660104,1,0.6464,27.2203464508
1500000US150030038023,7.0,1,0,,0.0,,0,,
1500000US150030038024,7.0,2,0,0.759999990463,0.0,,0,,
1500000US150030038025,8.0,3,0,0.360000014305,0.0,0.174040425674,1,0.634515,27.3286552429
1500000US150030039001,12.0,3,1,0.920000016689,22.0,35.3751563559,1,10.2935,26.2465805574
1500000US150030040001,11.0,2,0,0.899999976158,0.0,,0,,28.1925721169
1500000US150030040002,4.0,2,0,0.460000008345,0.0,,0,,28.6723537445
1500000US150030041023,7.0,6,0,0.939999997616,0.0,,0,,29.3808514277
1500000US150030050002,8.0,4,1,0.910000026226,46.0,,0,,37.3025016785
1500000US150030050004,8.0,5,1,0.889999985695,11.0,,0,,36.7036933899
1500000US150030051001,2.0,3,0,,0.0,,0,,30.3880443573
1500000US150030051002,10.0,4,0,0.870000004768,31.0,1.58535235645,1,3.66048,32.6622829437
1500000US150030052001,9.0,1,1,0.910000026226,0.0,0.827698860005,1,2.47097,28.5864782333
1500000US150030052002,10.0,3,1,0.910000026226,7.0,1.06985648851,1,6.11314,29.691904068
1500000US150030053001,10.0,5,1,0.899999976158,0.0,2.21350383522,1,4.19376,32.185781002
1500000US150030053002,11.0,7,1,0.910000026226,33.0,0.929172487966,1,2.79989,35.29413414
1500000US150030054001,5.0,5,0,0.589999973774,0.0,,0,,32.3368110657
1500000US150030056011,3.0,4,0,,0.0,,0,,38.3948364258
1500000US150030056012,10.0,6,0,0.889999985695,0.0,0.823356636101,1,3.1177,36.7488365173
1500000US150030056021,3.0,9,0,0.910000026226,0.0,0.000457226187331,1,0.000553051,38.6369781494
1500000US150030056022,9.0,6,0,0.910000026226,2.0,0.191862181658,1,0.720024,
1500000US150030056023,11.0,10,0,0.939999997616,0.0,1.69073554426,1,1.95103,35.3511726379
1500000US150030057001,12.0,5,1,0.939999997616,0.0,132.150498236,1,11.7887,26.3577872437
1500000US150030057002,12.0,8,0,0.910000026226,0.0,5.09312702023,1,4.01427,32.6419210434
1500000US150030058002,3.0,4,0,0.689999997616,0.0,,0,,30.3361935616
1500000US150030059001,12.0,3,1,0.939999997616,0.0,80.0534209539,1,13.7397,27.6799721241
1500000US150030059002,12.0,3,1,0.860000014305,0.0,2.43486624819,1,5.52732,30.6952749888
1500000US150030060003,12.0,7,1,0.910000026226,30.0,3.35420825983,1,3.11894,32.7633152008
1500000US150030067045,13.0,4,1,0.930000007153,81.0,0.530153496734,1,0.234543,38.3130598068
1500000US150030069003,7.0,1,1,0.930000007153,53.0,,0,,29.7251021067
1500000US150030071001,14.0,4,0,0.959999978542,0.0,1.06382640444,1,0.512737,24.0949853659
1500000US150030071002,15.0,1,0,0.939999997616,14.0,1.24220846159,1,1.25373,24.0447624207
1500000US150030073021,11.0,1,1,0.949999988079,0.0,14.9409741098,1,4.19988,22.2564953168
1500000US150030073022,5.0,1,0,0.939999997616,0.0,,0,,22.3621814251
1500000US150030073023,8.0,1,0,0.939999997616,0.0,,0,,22.8651736123
1500000US150030074001,13.0,8,1,0.949999988079,51.0,91.6950581736,1,4.80325,25.3583311374
1500000US150030074002,12.0,1,1,0.920000016689,37.0,69.2917934244,1,6.29953,23.8911846753
1500000US150030075041,12.0,4,1,0.939999997616,28.0,6.96356426489,1,3.32679,31.2282619476
1500000US150030077012,10.0,3,1,0.899999976158,36.0,,0,,33.4771614075
1500000US150030077013,12.0,2,1,0.889999985695,28.0,20.1567076573,1,6.9463,30.2301569719
1500000US150030078074,1.0,2,0,0.860000014305,42.0,0.114662890634,1,0.347083,33.0225410461
1500000US150030078081,12.0,2,1,0.850000023842,0.0,35.4590412673,1,16.3177,29.7859464792
1500000US150030078082,4.0,2,1,0.829999983311,44.0,,0,,30.5574817657
1500000US150030078083,12.0,2,1,0.870000004768,58.0,2.84956981312,1,2.33602,31.8498721653
1500000US150030078092,12.0,3,0,0.839999973774,81.0,1.27505493095,1,1.3591,36.7054451836
1500000US150030078171,9.0,2,0,0.860000014305,81.0,0.91088330619,1,1.45607,34.486913681
1500000US150030080011,12.0,3,1,0.839999973774,17.0,12.5911864304,1,5.51583,27.8882759639
1500000US150030080012,13.0,2,1,0.860000014305,51.0,1.70954468781,1,1.53978,26.8425533772
1500000US150030080021,12.0,8,1,0.860000014305,59.0,5.36262708979,1,2.22484,29.6478411731
1500000US150030083011,13.0,1,1,0.990000009537,42.0,51.399510125,1,2.05987,21.882661808
1500000US150030083012,12.0,1,1,0.910000026226,0.0,56.3612251781,1,32.0963,21.7170829773
1500000US150030083013,11.0,1,1,0.910000026226,0.0,12.7394589351,1,16.9584,21.6891312599
1500000US150030083014,11.0,4,1,0.930000007153,0.0,110.949809289,1,12.5494,21.4446328943
1500000US150030083023,8.0,5,0,0.899999976158,0.0,2.79302547531,1,1.79864,21.3739185333
1500000US150030084072,2.0,5,0,0.75,0.0,,0,,21.4568822043
1500000US150030084082,9.0,1,1,0.889999985695,0.0,27.3030000605,1,9.54482,21.3927486644
1500000US150030084083,10.0,1,1,0.930000007153,26.0,104.995041826,1,18.212,21.1705870995
1500000US150030084181,6.0,5,0,0.920000016689,0.0,7.48424218927,1,6.49068,21.4153900146
1500000US150030084182,8.0,4,1,0.920000016689,0.0,23.4470021027,1,58.4453,21.4020366669
1500000US150030084183,8.0,4,1,0.920000016689,0.0,76.1718402488,1,89.7213,21.1997108459
1500000US150030085021,10.0,2,1,0.899999976158,45.0,120.564553715,1,2.56426,21.247406793
1500000US150030086101,10.0,1,1,0.920000016689,22.0,76.0554180233,1,12.9392,22.7637183361
1500000US150030086111,5.0,1,1,0.990000009537,81.0,12.7425377223,1,0.718068,27.8961874749
1500000US150030086242,13.0,1,1,0.910000026226,44.0,13.2612912772,1,10.228,21.90701437
1500000US150030086275,10.0,2,1,0.990000009537,66.0,1.00355253666,1,0.0590499,23.2184492858
1500000US150030087021,13.0,4,1,0.920000016689,40.0,3.19482682037,1,2.42235,23.4012039185
1500000US150030087022,13.0,2,1,0.949999988079,49.0,5.39715790889,1,5.29797,23.0638780594
1500000US150030087023,13.0,2,0,0.810000002384,0.0,,0,,23.9665044149
1500000US150030087041,13.0,3,1,0.870000004768,60.0,12.6774040973,1,3.24366,25.3254059278
1500000US150030087042,13.0,1,1,0.930000007153,39.0,5.6175804339,1,5.87462,23.4136412484
1500000US150030087051,14.0,2,1,0.949999988079,31.0,1.38974204077,1,0.940226,22.8561344147
1500000US150030087052,11.0,2,1,0.889999985695,57.0,0.462783111183,1,1.0584,23.433339119
1500000US150030087062,13.0,3,1,0.930000007153,34.0,0.624232335704,1,0.46786,22.8418426514
1500000US150030087063,14.0,1,1,0.97000002861,37.0,42.6666844881,1,9.00845,22.1698841858
1500000US150030087071,12.0,2,0,0.800000011921,0.0,,0,,24.3843135834
1500000US150030087074,13.0,2,1,0.839999973774,0.0,0.712513720338,1,1.43314,23.6100432078
1500000US150030088021,8.0,3,1,0.959999978542,81.0,,0,,24.0046909877
1500000US150030088022,5.0,3,1,0.740000009537,59.0,,0,,23.7586448669
1500000US150030096081,7.0,1,1,0.810000002384,3.0,11.2545319947,1,15.101,23.9611504873
1500000US150030096082,9.0,1,1,0.980000019073,81.0,9.42997753863,1,0.254509,26.7152586405
1500000US150030096083,9.0,1,1,0.959999978542,81.0,20.1900548312,1,7.89755,23.1227738857
1500000US150030096084,8.0,1,1,0.879999995232,50.0,1.17668527499,1,0.651331,24.5253370603
1500000US150030096091,9.0,1,0,0.930000007153,81.0,8.96625836611,1,0.934585,23.1346590447
1500000US150030096101,9.0,1,1,0.939999997616,5.0,18.2978441224,1,22.6938,21.965007782
1500000US150030096102,10.0,1,1,0.959999978542,49.0,18.3062303137,1,13.2074,22.8981348674
1500000US150030096103,9.0,1,1,0.930000007153,29.0,66.1017694921,1,55.9947,22.3027608395
1500000US150030096104,8.0,1,0,0.939999997616,14.0,4.30598561835,1,6.18821,22.0716691017
1500000US150030096105,10.0,1,0,0.939999997616,0.0,7.62194448768,1,10.9843,22.2315357208
1500000US150030097042,9.0,2,1,0.990000009537,81.0,3.46124645789,1,0.796863,22.4443087896
1500000US150030097052,8.0,2,1,0.920000016689,81.0,13.7710783414,1,7.31927,21.8199048723
1500000US150030097071,6.0,3,0,0.97000002861,0.0,0.079617645386,1,0.0896289,22.5389316559
1500000US150030097072,10.0,3,1,0.949999988079,9.0,27.6467055283,1,14.3957,22.4352611814
1500000US150030097073,10.0,2,1,0.920000016689,18.0,47.5186096221,1,28.1274,22.0551998832
1500000US150030097074,10.0,3,1,0.959999978542,81.0,5.75567419821,1,0.32456,34.3263595489
1500000US150030098011,9.0,2,1,0.910000026226,81.0,102.691458367,1,2.89457,38.1520674942
1500000US150030098012,9.0,1,1,0.920000016689,81.0,10.9097853512,1,1.85665,29.2973119689
1500000US150030098031,3.0,1,1,0.879999995232,0.0,2.71867898669,1,5.7312,23.3856658936
1500000US150030098032,9.0,1,1,0.870000004768,80.0,31.6658706141,1,28.5568,24.0536602565
1500000US150030098033,5.0,1,1,0.879999995232,0.0,0.956701919406,1,1.88735,25.0317306519
1500000US150030098042,9.0,2,1,0.930000007153,18.0,12.7073053978,1,4.86765,24.7759116491
1500000US150030099021,10.0,1,1,0.889999985695,25.0,132.176503694,1,28.2492,31.1962995529
1500000US150030099022,10.0,1,1,0.899999976158,16.0,38.6837023022,1,28.5425,30.7836312188
1500000US150030099023,10.0,1,1,0.899999976158,41.0,12.7158431876,1,4.02678,30.9207334518
1500000US150030099024,8.0,1,1,0.899999976158,0.0,26.7270775857,1,14.7302,31.4865318934
1500000US150030099051,9.0,2,1,0.899999976158,48.0,1.08573510478,1,0.308884,32.0633702278
1500000US150030099052,10.0,2,1,0.920000016689,18.0,18.1458807015,1,7.49644,30.9325632731
1500000US150030099053,9.0,1,1,0.939999997616,0.0,80.7486903611,1,39.2169,31.1725479126
1500000US150030099061,9.0,1,1,0.879999995232,0.0,36.1267023442,1,31.9186,32.003895998
1500000US150030099062,10.0,1,1,0.920000016689,81.0,227.796544603,1,3.12665,39.6631442294
1500000US150030099063,8.0,1,1,0.959999978542,81.0,37.2984021874,1,7.70783,34.2481745311
1500000US150030100001,9.0,1,1,0.899999976158,81.0,269.703620751,1,3.71909,51.9335331106
1500000US150030101011,8.0,1,1,0.839999973774,81.0,41.2846051323,1,8.06453,48.5743347168
1500000US150030101012,8.0,1,1,0.409999996424,81.0,3.844554825,1,0.386962,56.311584188
1500000US150030101021,9.0,1,1,0.860000014305,81.0,44.3747966496,1,2.32137,56.68521794
1500000US150030101022,9.0,1,1,0.839999973774,81.0,64.2158157139,1,6.1587,53.313620339
1500000US150030101031,11.0,2,1,0.540000021458,81.0,490.328884358,1,7.71809,46.621453941
1500000US150030101032,9.0,2,1,0.509999990463,63.0,49.6075319813,1,10.1219,44.0229610096
1500000US150030102021,10.0,1,1,0.52999997139,74.0,12.5536302662,1,2.15067,55.7898105719
1500000US150030102022,8.0,2,1,0.540000021458,81.0,10.327247188,1,0.505232,65.7224482636
1500000US150030102023,7.0,1,1,0.519999980927,32.0,0.0294200367197,1,0.0277734,52.9363016401
1500000US150030102024,9.0,2,1,0.519999980927,57.0,84.9582988574,1,18.661,52.1823865175
1500000US150030102031,11.0,1,1,0.310000002384,81.0,96.8763641716,1,8.31703,75.8874401855
1500000US150030102041,10.0,1,1,0.360000014305,81.0,36.2177720902,1,5.86193,75.6465629019
1500000US150030102042,9.0,1,1,0.300000011921,81.0,30.2586427215,1,13.096,69.6418066025
1500000US150030102051,12.0,1,1,0.40000000596,81.0,90.6028043373,1,4.37314,82.7253376529
1500000US150030103031,11.0,2,1,0.389999985695,81.0,41.2590810734,1,3.90003,71.3287585162
1500000US150030103032,11.0,1,1,0.270000010729,81.0,0.0439484095871,1,0.00325189,84.3497253589
1500000US150030103033,12.0,1,1,0.439999997616,81.0,307.039877404,1,12.2107,69.3346842252
1500000US150030103052,12.0,1,1,0.370000004768,48.0,1.05619369052,1,1.11125,65.4680461884
1500000US150030103053,12.0,1,1,0.330000013113,81.0,17.3202966308,1,2.51475,56.7983282373
1500000US150030103101,10.0,3,1,0.330000013113,81.0,28.5052988151,1,3.69133,57.3268643505
1500000US150030105051,11.0,2,1,0.310000002384,50.0,116.948730354,1,25.7233,53.3217398071
1500000US150030105053,11.0,2,0,0.340000003576,80.0,2.77067720082,1,3.40506,52.5337280273
1500000US150030105081,11.0,1,1,0.300000011921,81.0,15.5382420416,1,14.3453,48.3442401886
1500000US150030105082,7.0,3,0,0.310000002384,81.0,,0,,50.3260293007
1500000US150030105101,11.0,2,1,0.319999992847,28.0,7.07071761677,1,6.42076,51.0167655945
1500000US150030105102,7.0,3,0,0.289999991655,38.0,0.854292961192,1,0.84167,54.5409793854
1500000US150030106011,14.0,3,1,0.370000004768,35.0,23.9748555148,1,15.5346,54.4789534675
1500000US150030107012,4.0,1,0,0.579999983311,81.0,,0,,43.128175354
1500000US150030107013,12.0,2,1,0.670000016689,74.0,12.5031003447,1,6.42299,46.6834869385
1500000US150030109011,10.0,1,0,0.899999976158,0.0,0.726339232753,1,0.588883,38.3791904449
1500000US150030109012,10.0,3,1,0.879999995232,81.0,5.48690947636,1,0.810613,40.9987771407
1500000US150030109031,9.0,2,1,0.810000002384,0.0,2.15542791879,1,1.77582,41.4567494392
1500000US150030109032,11.0,3,1,0.829999983311,38.0,5.92527340473,1,16.1518,40.0043907166
1500000US150030109033,6.0,1,1,0.839999973774,0.0,,0,,40.0722287496
1500000US150030109041,4.0,1,0,0.439999997616,0.0,,0,,39.8912226359
1500000US150030109042,5.0,2,0,0.899999976158,0.0,,0,,40.5883204142
1500000US150030109043,10.0,3,1,0.920000016689,0.0,10.3950693152,1,11.1414,39.9819695609
1500000US150030109044,2.0,2,0,0.850000023842,0.0,,0,,39.7678794861
1500000US150030109051,3.0,2,0,0.829999983311,0.0,,0,,38.5196704865
1500000US150030109052,4.0,2,0,0.829999983311,0.0,,0,,38.6748956953
1500000US150030110001,8.0,1,1,0.40000000596,81.0,0.146403131603,1,0.00791514,65.2012669146
1500000US150030110002,8.0,3,1,0.839999973774,81.0,1.17865825787,1,0.116752,51.1616319021
1500000US150030111031,12.0,6,1,0.899999976158,81.0,27.8753808643,1,5.35759,40.5423134074
1500000US150030111041,12.0,3,1,0.850000023842,0.0,5.09464357389,1,5.4884,36.1422446115
1500000US150030111042,12.0,2,0,0.850000023842,38.0,57.1452822508,1,37.4438,38.4308513641
1500000US150030111043,11.0,2,0,0.860000014305,0.0,1.56796861861,1,1.81803,37.9329541524
1500000US150030111044,12.0,2,0,0.819999992847,32.0,41.158046058,1,27.1285,38.3071330677
1500000US150030111051,11.0,4,1,0.829999983311,0.0,12.2724281702,1,8.82175,36.4881695339
1500000US150030111052,11.0,4,1,0.860000014305,0.0,2.51053485429,1,3.27218,36.7757148743
1500000US150030111053,11.0,2,1,0.899999976158,0.0,2.62327155837,1,4.0168,38.2469161987
1500000US150030111061,10.0,1,0,0.879999995232,74.0,,0,,35.8007293701
1500000US150030111062,12.0,3,1,0.860000014305,81.0,16.1766602484,1,3.68691,34.5066635132
1500000US150030111063,1.0,1,1,0.920000016689,81.0,,0,,40.1395774115
1500000US150030111064,6.0,1,0,0.829999983311,81.0,,0,,37.0896844864
1500000US150030112011,9.0,2,0,0.839999973774,0.0,1.06511060174,1,0.91628,37.5799429757
1500000US150030112012,10.0,3,0,0.889999985695,0.0,4.19616386609,1,2.99379,36.2842910767
1500000US150030112013,11.0,1,1,0.870000004768,81.0,17.8873847774,1,16.4396,34.315788814
1500000US150030112014,10.0,1,0,0.860000014305,0.0,4.73567319835,1,5.56065,38.6928199768
1500000US150030112015,10.0,2,1,0.920000016689,0.0,20.612670972,1,12.1654,37.7826620738
1500000US150030112021,10.0,1,1,0.850000023842,81.0,2.1983379978,1,3.32601,32.8183547974
1500000US150030112022,10.0,1,1,0.930000007153,81.0,17.5639179958,1,6.9629,32.4598423453
1500000US150030113002,8.0,1,1,0.920000016689,81.0,26.4323555047,1,3.62379,45.5499345429
1500000US150030113003,9.0,1,1,0.920000016689,3.0,1.02693322439,1,0.417377,39.619203949
1500000US150030114011,12.0,2,1,0.879999995232,0.0,32.0975206313,1,7.14597,25.4516756351
1500000US150030114012,13.0,2,1,0.899999976158,0.0,28.3119561188,1,10.9314,24.4574269687
1500000US150039400031,10.0,2,1,0.930000007153,31.0,26.015027521,1,7.9592,34.8291438875
1500000US150039400041,10.0,2,1,0.939999997616,81.0,20.7126097982,1,1.56057,36.2562190968
1500000US150039400051,6.0,2,1,0.959999978542,81.0,0.0289506761155,1,0.00221991,31.1725726904
1500000US150039400061,8.0,2,1,0.930000007153,55.0,13.4086789907,1,3.69126,26.1142488321
1500000US150039400071,8.0,2,1,0.769999980927,81.0,8.69230742962,1,4.78176,25.0348397891
1500000US150039800001,6.0,3,1,0.819999992847,81.0,26.2332919289,1,2.52867,27.7611337745
1500000US150039802001,14.0,1,1,0.949999988079,0.0,159.149030385,1,9.6907,23.7512056849
1500000US150039803001,10.0,1,1,0.879999995232,12.0,117.845015766,1,8.34565,21.5495275124
1500000US150039810001,11.0,3,1,0.800000011921,65.0,42.7919106176,1,5.3665,44.2956743974
1500000US150039811001,10.0,2,1,0.930000007153,81.0,88.9294136042,1,6.10587,35.0708901152
1500000US150039813001,13.0,6,1,0.949999988079,47.0,82.5308014989,1,17.5143,31.8158297385
1500000US150039814001,13.0,1,1,0.930000007153,0.0,84.1307684672,1,8.45737,26.2881168365
1500000US150039817001,12.0,1,1,0.75,81.0,152.947211922,1,11.0675,37.6819379253
1500000US150039818011,9.0,1,0,0.730000019073,2.0,3.56679187907,1,1.61142,35.7912569682
1500000US150039818021,8.0,1,1,0.899999976158,81.0,30.5694942782,1,8.55203,34.575391596
1500000US150039818031,11.0,2,1,0.879999995232,31.0,453.650805478,1,50.3112,37.3613441836
1500000US150039819001,13.0,2,1,0.97000002861,12.0,184.030625796,1,9.77014,22.4274291077
1500000US150039820001,3.0,10,1,0.97000002861,81.0,,0,,54.8590998077
1500000US150039822001,14.0,4,1,0.939999997616,36.0,202.981215388,1,9.15561,22.7488167166
1500000US150050319001,9.0,1,1,0.829999983311,81.0,58.7262100857,1,3.42707,59.7187631212
1500000US150070401041,10.0,1,1,0.829999983311,81.0,267.52222792,1,5.05763,94.3502742606
1500000US150070401042,9.0,1,1,0.610000014305,24.0,114.244734085,1,25.7738,82.4000465393
1500000US150070401051,10.0,2,1,0.810000002384,81.0,166.436169177,1,2.3717,78.1183320451
1500000US150070401052,12.0,2,1,0.600000023842,81.0,102.111565488,1,1.68813,63.7495819915
1500000US150070401061,10.0,1,1,0.469999998808,81.0,3.24802797006,1,0.940486,71.2198599243
1500000US150070401062,8.0,1,1,0.52999997139,79.0,1.60205254906,1,0.293486,74.0992756379
1500000US150070401063,9.0,1,1,0.699999988079,81.0,119.869124784,1,14.3848,74.9453093095
1500000US150070402051,15.0,1,1,0.639999985695,77.0,63.2163775204,1,15.8876,46.3255589294
1500000US150070402052,14.0,1,1,0.560000002384,81.0,49.9031711999,1,11.6992,57.1977957317
1500000US150070402053,14.0,1,1,0.649999976158,81.0,71.0065156154,1,3.85506,52.5133764821
1500000US150070402054,10.0,1,1,0.639999985695,81.0,56.3051952494,1,12.9576,50.9861979167
1500000US150070403012,14.0,2,1,0.629999995232,78.0,0.0635914691195,1,0.00788083,48.5138294567
1500000US150070403013,12.0,2,1,0.670000016689,81.0,6.09330209004,1,1.11302,48.2473419414
1500000US150070403021,14.0,3,1,0.769999980927,80.0,69.1610591657,1,12.4898,41.5877662458
1500000US150070403022,14.0,1,1,0.839999973774,35.0,129.635376524,1,47.2966,42.4428476606
1500000US150070404012,13.0,1,1,0.800000011921,81.0,25.5060048482,1,4.6677,42.9131203757
1500000US150070404013,17.0,4,1,0.829999983311,81.0,239.752218392,1,2.42647,65.4266119719
1500000US150070404021,9.0,2,1,0.839999973774,81.0,18.2243248325,1,1.71302,49.7393752734
1500000US150070405002,7.0,3,1,0.839999973774,81.0,0.431490550603,1,0.200495,45.2143560137
1500000US150070405003,8.0,3,1,0.819999992847,81.0,0.868596721309,1,0.250805,47.4236197838
1500000US150070405004,13.0,4,1,0.860000014305,81.0,43.1581941005,1,1.53318,41.8012260199
1500000US150070406031,11.0,1,1,0.920000016689,66.0,34.4080724522,1,5.25908,35.8106821151
1500000US150070406032,11.0,1,1,0.949999988079,81.0,10.7393681879,1,0.3066,49.3482726073
1500000US150070406042,10.0,1,1,0.959999978542,81.0,18.5314148362,1,0.639602,50.3066055726
1500000US150070407023,12.0,1,1,0.730000019073,81.0,11.2267614352,1,2.29093,29.334145546
1500000US150070407024,10.0,2,1,0.930000007153,81.0,37.755088439,1,1.09868,41.740635318
1500000US150070408001,11.0,1,1,0.910000026226,81.0,104.541603389,1,1.69289,36.0165934884
1500000US150070408002,3.0,1,1,0.689999997616,81.0,,0,,28.723314694
1500000US150070408003,14.0,1,1,0.850000023842,75.0,93.1784134427,1,17.8328,27.5647102356
1500000US150070409001,11.0,3,1,0.959999978542,81.0,1367.68505942,1,12.2557,29.6214860789
1500000US150070409002,11.0,2,1,0.949999988079,81.0,19.3616833012,1,6.3648,20.9133051918
1500000US150070409003,14.0,2,1,0.949999988079,21.0,46.4420529844,1,10.9325,20.2919650396
1500000US150070409004,13.0,1,1,0.930000007153,0.0,64.4865609097,1,39.1513,19.6632723375
1500000US150070409005,11.0,1,1,0.949999988079,0.0,27.1381260014,1,27.7778,19.3953615824
1500000US150070409006,11.0,1,1,0.939999997616,0.0,65.9321891877,1,23.8937,18.8914512634
1500000US150079400001,12.0,2,1,0.839999973774,81.0,166.62845797,1,1.92851,56.0300109942
1500000US150079400002,12.0,1,1,0.860000014305,80.0,105.43920745,1,11.9202,44.3634465974
1500000US150090301001,10.0,1,1,0.829999983311,81.0,81.2055387314,1,0.381478,105.366955268
1500000US150090301002,9.0,1,1,0.819999992847,81.0,33.7194187832,1,2.62372,70.2232575189
1500000US150090302011,9.0,1,1,0.819999992847,81.0,20.313342036,1,0.236376,100.938142574
1500000US150090302012,9.0,1,1,0.730000019073,81.0,7.32559483356,1,0.600471,79.1462976903
1500000US150090302043,9.0,1,1,0.730000019073,81.0,7.60688325044,1,0.388743,59.0149764719
1500000US150090303053,8.0,1,1,0.810000002384,81.0,0.00447509475424,1,3.94545e-05,27.9140847689
1500000US150090303071,10.0,1,1,0.939999997616,81.0,113.788376332,1,3.1638,14.8810657797
1500000US150090303072,9.0,1,1,0.870000004768,71.0,35.757352872,1,6.60506,13.12867358
1500000US150090305011,11.0,1,1,0.810000002384,72.0,51.5415264639,1,3.83155,31.1360887035
1500000US150090305012,10.0,1,1,0.829999983311,81.0,32.3616935235,1,4.11593,33.8940220939
1500000US150090307061,11.0,1,1,0.949999988079,0.0,38.2716798899,1,17.1924,10.6949289441
1500000US150090307081,7.0,2,1,0.889999985695,42.0,13.3455662667,1,1.70612,11.7061062043
1500000US150090307082,10.0,1,1,0.879999995232,0.0,36.4111102171,1,31.6819,11.3687691689
1500000US150090307091,11.0,1,1,0.889999985695,52.0,31.7269380846,1,11.2377,11.9918244362
1500000US150090307092,9.0,1,1,0.839999973774,45.0,8.28361680889,1,4.88927,12.3678808212
1500000US150090307101,9.0,1,1,0.879999995232,37.0,17.0890414586,1,6.1041,12.6085943895
1500000US150090307111,11.0,1,1,0.910000026226,0.0,19.6548359816,1,19.6763,10.7182458242
1500000US150090307121,7.0,1,1,0.949999988079,0.0,1.57581804813,1,1.03997,10.9014579773
1500000US150090307131,11.0,1,1,0.930000007153,0.0,33.0568819303,1,22.3982,10.9511841138
1500000US150090307132,7.0,2,1,0.870000004768,1.0,9.5626331569,1,3.58571,11.1770666022
1500000US150090308001,12.0,1,1,0.850000023842,81.0,93.4785748489,1,1.86406,41.6032963887
1500000US150090309022,11.0,1,1,0.920000016689,13.0,21.5715073231,1,30.6999,19.2020271301
1500000US150090309033,11.0,1,1,0.910000026226,79.0,25.9940712406,1,10.1813,21.922057271
1500000US150090310023,11.0,2,1,0.910000026226,81.0,6.11388150178,1,2.09309,20.4538544655
1500000US150090311063,11.0,2,1,0.930000007153,54.0,14.0981915241,1,5.48852,18.2830283301
1500000US150090314021,9.0,4,1,0.870000004768,81.0,39.0268348746,1,2.26026,21.4561262897
1500000US150090314022,9.0,1,1,0.910000026226,21.0,24.0597254813,1,13.0857,14.1044061525
1500000US150090314041,10.0,1,1,0.889999985695,0.0,17.4682257835,1,15.2001,12.7322991235
1500000US150090314042,10.0,1,1,0.870000004768,0.0,48.6845816419,1,23.2148,11.9272634282
1500000US150090314043,11.0,1,1,0.889999985695,0.0,30.1338898044,1,20.9332,13.0795936584
1500000US150090315011,8.0,1,1,0.829999983311,45.0,0.480412100934,1,0.710935,36.0958080292
1500000US150090315012,8.0,1,1,0.879999995232,74.0,23.441492901,1,3.26365,40.9753934982
1500000US150090315031,9.0,1,1,0.920000016689,81.0,57.9580298918,1,3.97855,21.8947926724
1500000US150090315032,8.0,1,1,0.899999976158,81.0,40.6762802627,1,2.30745,33.2476251731
1500000US150090315041,8.0,1,1,0.920000016689,81.0,22.0872104268,1,0.495423,58.9150855359
1500000US150090315051,8.0,1,1,0.759999990463,10.0,46.457133757,1,56.0082,25.5245981216
1500000US150090316011,10.0,1,1,0.920000016689,81.0,40.307230062,1,0.482324,23.2810014454
1500000US150090317001,11.0,1,1,0.910000026226,81.0,405.767661494,1,6.00389,52.5898909906
1500000US150090317002,14.0,1,1,0.910000026226,81.0,277.216064762,1,4.13447,25.5236716627
1500000US150090317003,13.0,1,1,0.899999976158,71.0,80.128150077,1,29.3834,13.3801966274
1500000US150090317004,12.0,1,1,0.870000004768,81.0,3.93178224611,1,0.70376,17.3662137727
1500000US150090317005,13.0,1,1,0.889999985695,71.0,33.0734564654,1,7.26652,13.6742414967
1500000US150090318011,11.0,2,1,0.930000007153,81.0,74.0794926669,1,0.795149,22.4121546122
1500000US150090318012,9.0,2,1,0.860000014305,81.0,9.77195298539,1,0.15131,35.0476644986
1500000US150090319001,12.0,2,1,0.939999997616,63.0,386.671935309,1,6.66791,17.1522834068
1500000US150090319003,6.0,2,0,0.889999985695,0.0,,0,,16.6514240901
1500000US150090320001,13.0,1,1,0.910000026226,81.0,451.249815194,1,6.11672,20.0278294028
1500000US150010201001,,1,0,0.759999990463,81.0,,0,,153.26436841
1500000US150010204001,,1,0,0.759999990463,13.0,,0,,147.06464059
1500000US150010204002,,1,1,0.769999980927,21.0,,0,,149.271696824
1500000US150010205002,,3,1,0.77999997139,5.0,,0,,140.073287964
1500000US150010205003,,3,1,0.839999973774,31.0,,0,,147.678268009
1500000US150010205004,,1,1,0.800000011921,40.0,,0,,142.521500854
1500000US150010206004,,2,1,0.800000011921,30.0,,0,,138.245208958
1500000US150010207011,,4,0,0.819999992847,25.0,,0,,145.004135132
1500000US150010207012,,1,1,0.819999992847,22.0,,0,,145.907062161
1500000US150010207013,,2,1,0.870000004768,32.0,,0,,151.945871735
1500000US150010207021,,1,1,0.769999980927,28.0,,0,,164.009067311
1500000US150010207022,,1,1,0.850000023842,41.0,,0,,158.065896606
1500000US150010207023,,1,1,0.800000011921,31.0,,0,,154.507369995
1500000US150010208011,,1,1,0.829999983311,46.0,,0,,161.516432073
1500000US150010208012,,1,1,0.839999973774,73.0,,0,,198.535483747
1500000US150010208013,,1,1,0.790000021458,73.0,,0,,202.274623017
1500000US150010208021,,1,1,0.829999983311,65.0,,0,,166.51227356
1500000US150010208022,,1,0,0.699999988079,42.0,,0,,169.069308472
1500000US150010208023,,2,1,0.810000002384,77.0,,0,,178.569111386
1500000US150010208024,,3,1,0.889999985695,71.0,,0,,154.592319195
1500000US150010208025,,1,1,0.77999997139,73.0,,0,,160.80281348
1500000US150010209001,,1,1,0.769999980927,47.0,,0,,154.800684938
1500000US150010209002,,1,1,0.800000011921,8.0,,0,,157.145203202
1500000US150010209003,,1,1,0.879999995232,61.0,,0,,175.44909049
1500000US150010209004,,1,1,0.819999992847,25.0,,0,,170.407262802
1500000US150010209005,,1,1,0.860000014305,73.0,,0,,198.770036819
1500000US150010210031,,1,0,0.790000021458,12.0,,0,,146.378451723
1500000US150010210032,,1,0,0.790000021458,14.0,,0,,144.496607854
1500000US150010210033,,1,0,0.769999980927,1.0,,0,,139.680799696
1500000US150010210034,,1,0,0.800000011921,16.0,,0,,144.665248768
1500000US150010210035,,1,0,0.810000002384,16.0,,0,,145.053213685
1500000US150010210111,,1,0,0.839999973774,46.0,,0,,197.253106234
1500000US150010210112,,1,0,0.419999986887,81.0,,0,,116.745165388
1500000US150010210113,,1,0,0.759999990463,70.0,,0,,224.579320806
1500000US150010210132,,2,0,0.850000023842,59.0,,0,,167.988721111
1500000US150010210133,,4,0,0.829999983311,54.0,,0,,152.893839628
1500000US150010210141,,1,0,0.860000014305,9.0,,0,,131.17526081
1500000US150010210142,,1,0,0.790000021458,3.0,,0,,139.112667422
1500000US150010210152,,1,0,0.850000023842,14.0,,0,,135.970610809
1500000US150010210161,,1,0,0.839999973774,23.0,,0,,165.533787569
1500000US150010210162,,1,0,0.860000014305,31.0,,0,,178.706505549
1500000US150010210163,,1,0,0.819999992847,48.0,,0,,161.638580685
1500000US150010210171,,1,0,0.829999983311,24.0,,0,,184.926430526
1500000US150010210172,,1,0,0.860000014305,71.0,,0,,199.975790672
1500000US150010210173,,1,0,0.560000002384,11.0,,0,,172.337900264
1500000US150010211012,,2,0,0.879999995232,76.0,,0,,124.24688084
1500000US150010211083,,2,0,0.860000014305,80.0,,0,,118.777938056
1500000US150010212032,,1,0,0.920000016689,81.0,,0,,36.2009355979
1500000US150010212033,,1,0,0.959999978542,79.0,,0,,32.75062279
1500000US150010212042,,1,0,0.959999978542,58.0,,0,,28.1927249746
1500000US150010213001,,1,1,0.939999997616,81.0,,0,,50.981557364
1500000US150010213002,,1,1,0.899999976158,81.0,,0,,50.8517933381
1500000US150010213004,,1,1,0.889999985695,81.0,,0,,41.0068624755
1500000US150010214022,,1,1,0.930000007153,81.0,,0,,55.6328289461
1500000US150010215021,,1,1,0.819999992847,81.0,,0,,41.4743528366
1500000US150010215022,,1,0,0.930000007153,81.0,,0,,36.1042234884
1500000US150010215023,,1,1,0.810000002384,81.0,,0,,53.9220566492
1500000US150010215041,,2,0,0.709999978542,40.0,,0,,40.4842861938
1500000US150010215102,,1,1,0.879999995232,81.0,,0,,49.0902254716
1500000US150010215111,,1,1,0.759999990463,81.0,,0,,42.6836910248
1500000US150010215121,,1,0,0.870000004768,81.0,,0,,40.794475455
1500000US150010215122,,1,0,0.930000007153,70.0,,0,,24.0872460141
1500000US150010215132,,1,0,0.889999985695,60.0,,0,,29.346940334
1500000US150010215133,,1,0,0.77999997139,81.0,,0,,40.3331415812
1500000US150010216051,,2,1,0.769999980927,81.0,,0,,47.8391325018
1500000US150010216061,,1,1,0.740000009537,55.0,,0,,31.7942394802
1500000US150010216062,,1,1,0.730000019073,81.0,,0,,41.1393958836
1500000US150010216071,,1,1,0.629999995232,81.0,,0,,39.2559061358
1500000US150010216072,,1,1,0.519999980927,81.0,,0,,36.5757157462
1500000US150010216073,,1,1,0.740000009537,41.0,,0,,33.8402064397
1500000US150010216083,,1,1,0.730000019073,22.0,,0,,29.8490038978
1500000US150010216084,,1,1,0.75,49.0,,0,,32.1134696537
1500000US150010217051,,1,1,0.699999988079,81.0,,0,,77.1801108506
1500000US150010217052,,2,1,0.649999976158,81.0,,0,,53.2239669164
1500000US150010217053,,2,1,0.709999978542,79.0,,0,,28.6632476111
1500000US150010217061,,1,1,0.649999976158,77.0,,0,,52.3219773782
1500000US150010217062,,2,1,0.810000002384,81.0,,0,,30.8361107698
1500000US150010217071,,1,0,0.97000002861,64.0,,0,,13.0732168418
1500000US150010217072,,1,0,0.990000009537,68.0,,0,,12.4679649292
1500000US150010217073,,1,1,1.0,76.0,,0,,15.3587922929
1500000US150010217082,,1,0,0.959999978542,63.0,,0,,11.9647485813
1500000US150010217083,,1,0,0.990000009537,75.0,,0,,11.4166835658
1500000US150010218001,,2,1,0.939999997616,68.0,,0,,55.2052035097
1500000US150010219022,,1,1,0.920000016689,81.0,,0,,92.329507192
1500000US150010219023,,1,1,0.930000007153,75.0,,0,,95.9369169871
1500000US150030001101,,1,0,0.910000026226,48.0,,0,,30.0427088056
1500000US150030001103,,1,0,0.879999995232,81.0,,0,,29.9890268372
1500000US150030001104,,1,0,0.829999983311,81.0,,0,,28.163031522
1500000US150030001152,,1,0,0.620000004768,20.0,,0,,42.5008570353
1500000US150030001192,,1,0,0.610000014305,18.0,,0,,32.0145028432
1500000US150030001202,,1,0,0.870000004768,81.0,,0,,31.3496047126
1500000US150030001221,,2,0,0.810000002384,21.0,,0,,27.6619714101
1500000US150030001222,,2,0,0.759999990463,0.0,,0,,28.6340613365
1500000US150030002002,,1,0,0.680000007153,81.0,,0,,38.312651062
1500000US150030003021,,1,1,0.660000026226,81.0,,0,,45.1897411346
1500000US150030004011,,3,1,0.620000004768,81.0,,0,,33.6913998922
1500000US150030004012,,3,1,0.629999995232,81.0,,0,,53.4458107418
1500000US150030004021,,2,0,0.52999997139,81.0,,0,,32.9705760956
1500000US150030004023,,1,1,0.560000002384,81.0,,0,,39.1360092163
1500000US150030005002,,3,1,0.430000007153,0.0,,0,,29.1876155853
1500000US150030007001,,2,0,0.579999983311,23.0,,0,,26.753464063
1500000US150030007002,,5,1,0.569999992847,21.0,,0,,29.909078598
1500000US150030007003,,3,0,0.460000008345,32.0,,0,,27.8158798218
1500000US150030007004,,3,0,0.550000011921,21.0,,0,,28.6826753616
1500000US150030008001,,4,0,0.600000023842,29.0,,0,,30.264362971
1500000US150030008002,,4,0,0.579999983311,63.0,,0,,28.4633655548
1500000US150030008003,,4,0,0.610000014305,59.0,,0,,27.4197320938
1500000US150030009011,,3,1,0.430000007153,81.0,,0,,39.8051355535
1500000US150030009012,,3,1,0.579999983311,0.0,,0,,32.0656614304
1500000US150030009031,,4,0,0.589999973774,81.0,,0,,32.4057002068
1500000US150030009032,,3,0,0.579999983311,73.0,,0,,32.5895829882
1500000US150030009041,,3,0,0.610000014305,81.0,,0,,36.4634527727
1500000US150030009051,,5,0,0.629999995232,81.0,,0,,42.2104640537
1500000US150030009052,,2,0,0.550000011921,76.0,,0,,41.8945960999
1500000US150030010001,,2,1,0.75,81.0,,0,,93.3217267768
1500000US150030010002,,3,0,0.670000016689,81.0,,0,,61.4015417099
1500000US150030011011,,3,0,0.670000016689,55.0,,0,,48.0346298218
1500000US150030011012,,3,0,0.670000016689,77.0,,0,,63.4018297195
1500000US150030011021,,3,0,0.40000000596,81.0,,0,,62.1006088257
1500000US150030011022,,3,0,0.649999976158,9.0,,0,,52.3765525818
1500000US150030012011,,5,1,0.560000002384,51.0,,0,,31.8721173604
1500000US150030012012,,3,0,0.560000002384,73.0,,0,,34.4442132314
1500000US150030012021,,3,0,0.579999983311,81.0,,0,,39.284532547
1500000US150030012022,,3,0,0.639999985695,35.0,,0,,40.5083599091
1500000US150030013001,,5,0,0.550000011921,4.0,,0,,29.3654060364
1500000US150030013002,,3,0,0.579999983311,13.0,,0,,29.3646812439
1500000US150030013003,,5,0,0.52999997139,22.0,,0,,30.2437243462
1500000US150030013004,,3,0,0.569999992847,26.0,,0,,30.6329488754
1500000US150030014001,,2,0,0.52999997139,35.0,,0,,27.5587018331
1500000US150030014002,,3,0,0.560000002384,27.0,,0,,27.9631904602
1500000US150030015011,,4,0,0.610000014305,0.0,,0,,28.4846363068
1500000US150030015021,,2,0,0.519999980927,16.0,,0,,27.5273141861
1500000US150030015022,,3,0,0.560000002384,17.0,,0,,26.5949468613
1500000US150030016021,,3,0,0.600000023842,3.0,,0,,26.3360290527
1500000US150030016022,,3,0,0.620000004768,10.0,,0,,25.6972994804
1500000US150030026001,,3,0,0.660000026226,0.0,,0,,32.6695518494
1500000US150030027011,,2,1,0.660000026226,57.0,,0,,40.3927743094
1500000US150030027013,,3,1,0.670000016689,62.0,,0,,32.9101498922
1500000US150030027021,,1,0,0.72000002861,59.0,,0,,38.7968002319
1500000US150030027022,,2,0,0.730000019073,81.0,,0,,36.3859185113
1500000US150030027023,,2,0,0.289999991655,0.0,,0,,35.4344291687
1500000US150030028011,,4,1,0.639999985695,81.0,,0,,38.4604390462
1500000US150030028021,,5,0,0.629999995232,81.0,,0,,55.5280118422
1500000US150030028022,,3,0,0.629999995232,81.0,,0,,40.6394720078
1500000US150030029001,,3,1,0.670000016689,81.0,,0,,56.5202431452
1500000US150030030001,,2,0,0.680000007153,78.0,,0,,61.8634696007
1500000US150030030002,,1,0,0.730000019073,25.0,,0,,44.3188056946
1500000US150030030003,,2,1,0.680000007153,20.0,,0,,63.4336662292
1500000US150030030004,,1,0,0.730000019073,81.0,,0,,48.7036586761
1500000US150030031021,,1,0,0.439999997616,81.0,,0,,126.532357788
1500000US150030031022,,2,1,0.680000007153,49.0,,0,,93.524564743
1500000US150030031031,,2,1,0.709999978542,81.0,,0,,112.850543167
1500000US150030031041,,1,0,0.680000007153,81.0,,0,,92.2743601118
1500000US150030034041,,5,0,0.759999990463,18.0,,0,,37.3770523071
1500000US150030034042,,5,0,0.689999997616,19.0,,0,,
1500000US150030034043,,5,0,,7.0,,0,,34.5342445374
1500000US150030034044,,4,0,0.270000010729,11.0,,0,,35.9286880493
1500000US150030034081,,5,0,,0.0,,0,,33.3394851685
1500000US150030034082,,5,0,0.649999976158,0.0,,0,,
1500000US150030034091,,4,0,0.280000001192,0.0,,0,,31.7820167542
1500000US150030034092,,4,0,,0.0,,0,,
1500000US150030034101,,4,0,0.660000026226,0.0,,0,,32.7588577271
1500000US150030034111,,5,0,0.300000011921,49.0,,0,,32.7105712891
1500000US150030034121,,5,0,0.75,69.0,,0,,34.458612442
1500000US150030034131,,6,0,0.370000004768,3.0,,0,,32.2893714905
1500000US150030034132,,4,0,,7.0,,0,,30.9667778015
1500000US150030034141,,1,0,0.519999980927,0.0,,0,,40.5450134277
1500000US150030034142,,1,0,0.610000014305,13.0,,0,,35.1212539673
1500000US150030034143,,2,0,0.689999997616,26.0,,0,,37.4140739441
1500000US150030034144,,3,0,0.639999985695,3.0,,0,,33.3433876038
1500000US150030035011,,4,0,0.560000002384,0.0,,0,,30.4019231796
1500000US150030035012,,3,0,0.839999973774,2.0,,0,,29.3417520523
1500000US150030035031,,5,0,0.629999995232,0.0,,0,,30.146241188
1500000US150030035041,,4,0,0.589999973774,0.0,,0,,31.6172993978
1500000US150030035042,,4,1,0.569999992847,0.0,,0,,30.2871875763
1500000US150030041011,,3,0,,17.0,,0,,31.8262367249
1500000US150030041012,,6,0,0.899999976158,46.0,,0,,31.9333963394
1500000US150030041021,,5,0,,0.0,,0,,29.8005504608
1500000US150030041022,,5,0,0.910000026226,13.0,,0,,31.4228420258
1500000US150030042011,,3,0,,0.0,,0,,
1500000US150030042012,,3,0,0.600000023842,0.0,,0,,
1500000US150030042021,,4,0,0.899999976158,9.0,,0,,30.988409996
1500000US150030042022,,4,0,0.730000019073,6.0,,0,,32.3225698471
1500000US150030043011,,4,0,0.959999978542,81.0,,0,,34.7816486359
1500000US150030043012,,8,0,0.949999988079,81.0,,0,,37.0054334913
1500000US150030043021,,4,0,0.920000016689,15.0,,0,,38.7746963501
1500000US150030043022,,5,0,0.939999997616,7.0,,0,,36.657090505
1500000US150030043023,,5,0,0.819999992847,53.0,,0,,36.7843170166
1500000US150030044011,,3,0,0.920000016689,81.0,,0,,47.4659004211
1500000US150030044012,,3,0,0.920000016689,63.0,,0,,47.2493896484
1500000US150030044013,,3,0,0.930000007153,3.0,,0,,47.30534935
1500000US150030044021,,5,0,0.959999978542,81.0,,0,,48.2649863107
1500000US150030044022,,3,0,0.740000009537,81.0,,0,,81.7975992475
1500000US150030045001,,2,0,0.930000007153,66.0,,0,,77.8253305223
1500000US150030045002,,2,0,0.769999980927,81.0,,0,,112.174180046
1500000US150030045003,,4,1,0.949999988079,76.0,,0,,48.1688179016
1500000US150030045004,,4,0,0.870000004768,81.0,,0,,59.9966491063
1500000US150030046001,,1,0,0.879999995232,81.0,,0,,98.4695487187
1500000US150030046002,,2,0,0.889999985695,42.0,,0,,66.464322567
1500000US150030046003,,1,0,0.939999997616,81.0,,0,,64.887525177
1500000US150030046004,,1,0,0.310000002384,15.0,,0,,61.8411827087
1500000US150030047011,,2,0,0.939999997616,77.0,,0,,59.6214189529
1500000US150030047012,,1,0,0.930000007153,81.0,,0,,59.2971291542
1500000US150030047021,,3,0,0.97000002861,78.0,,0,,46.3267478943
1500000US150030047022,,3,1,0.959999978542,24.0,,0,,48.1184469859
1500000US150030047023,,3,0,0.569999992847,25.0,,0,,51.1459407806
1500000US150030048011,,6,0,1.0,81.0,,0,,65.1537823677
1500000US150030048012,,7,0,0.97000002861,81.0,,0,,45.2387428284
1500000US150030048013,,1,0,0.959999978542,74.0,,0,,44.9356441498
1500000US150030048021,,4,0,0.959999978542,73.0,,0,,44.7046499252
1500000US150030048022,,3,0,0.97000002861,79.0,,0,,42.4467411041
1500000US150030048023,,5,0,0.889999985695,79.0,,0,,40.6261711121
1500000US150030049001,,5,0,0.930000007153,38.0,,0,,43.8521385193
1500000US150030049002,,5,0,0.959999978542,1.0,,0,,38.7677230835
1500000US150030049003,,4,0,0.920000016689,2.0,,0,,41.3030395508
1500000US150030050001,,3,1,0.949999988079,31.0,,0,,40.8069051107
1500000US150030050003,,6,1,0.949999988079,27.0,,0,,41.01612854
1500000US150030055001,,5,0,0.889999985695,0.0,,0,,35.0121981303
1500000US150030058001,,6,0,0.930000007153,0.0,,0,,32.7994289398
1500000US150030060001,,7,1,0.829999983311,14.0,,0,,32.5893809001
1500000US150030060002,,5,0,0.899999976158,0.0,,0,,32.2742589315
1500000US150030061001,,7,1,0.920000016689,25.0,0.0685674047649,1,0.138687,35.2037556966
1500000US150030061002,,9,1,0.910000026226,37.0,,0,,38.8094377518
1500000US150030062021,,8,0,0.689999997616,0.0,,0,,38.4802360535
1500000US150030062022,,7,1,0.379999995232,55.0,,0,,39.7464675903
1500000US150030062031,,7,1,0.899999976158,42.0,0.0246267387526,1,0.0293191,35.985042572
1500000US150030062032,,7,0,0.930000007153,11.0,,0,,38.7420756022
1500000US150030063011,,5,1,0.980000019073,59.0,,0,,56.4322385788
1500000US150030063012,,7,0,0.949999988079,81.0,,0,,43.50389328
1500000US150030063013,,7,1,0.889999985695,46.0,,0,,43.17329216
1500000US150030063021,,4,0,,77.0,,0,,68.2104530334
1500000US150030063022,,5,0,0.97000002861,81.0,,0,,57.3112850189
1500000US150030064011,,8,1,0.939999997616,59.0,,0,,44.1655664444
1500000US150030064021,,2,1,0.930000007153,67.0,,0,,69.6866378784
1500000US150030064022,,5,1,0.910000026226,70.0,,0,,62.8518161774
1500000US150030064023,,3,1,0.930000007153,81.0,,0,,81.8549432021
1500000US150030064024,,5,1,0.980000019073,78.0,,0,,53.283039093
1500000US150030065001,,2,1,0.939999997616,81.0,,0,,99.2468690311
1500000US150030065002,,2,1,0.889999985695,81.0,,0,,73.8821665446
1500000US150030067031,,4,1,0.980000019073,81.0,,0,,45.522767512
1500000US150030067041,,1,0,0.939999997616,47.0,,0,,42.5100708008
1500000US150030067042,,1,0,0.980000019073,71.0,,0,,43.8296098709
1500000US150030067043,,1,1,0.920000016689,81.0,,0,,57.5705577532
1500000US150030067044,,2,1,0.990000009537,81.0,,0,,62.7978598277
1500000US150030068061,,2,0,0.930000007153,0.0,,0,,29.6157603264
1500000US150030068062,,2,0,0.949999988079,70.0,,0,,28.5220626831
1500000US150030068101,,3,0,0.949999988079,81.0,,0,,31.5189406077
1500000US150030068102,,1,0,0.959999978542,38.0,,0,,33.9860941569
1500000US150030068111,,2,0,0.939999997616,81.0,,0,,36.9857127666
1500000US150030068121,,3,1,0.959999978542,75.0,,0,,35.2166426522
1500000US150030068131,,1,0,0.910000026226,12.0,2.22607296611,1,9.34201,32.3133125305
1500000US150030068132,,2,0,0.740000009537,33.0,,0,,34.8244578044
1500000US150030068133,,3,0,0.689999997616,76.0,0.964323489307,1,2.93986,30.569729805
1500000US150030068134,,4,0,0.930000007153,81.0,43.62160083,1,11.4122,32.8070565796
1500000US150030068141,,2,0,0.910000026226,23.0,,0,,28.9170894623
1500000US150030068142,,2,0,0.959999978542,57.0,,0,,
1500000US150030068151,,2,0,0.920000016689,56.0,,0,,
1500000US150030068152,,1,0,,53.0,,0,,
1500000US150030068161,,2,0,0.930000007153,61.0,,0,,27.6309909821
1500000US150030068171,,2,0,0.930000007153,79.0,,0,,27.9467964172
1500000US150030068172,,2,0,0.910000026226,71.0,,0,,28.0699100494
1500000US150030068173,,2,0,0.889999985695,80.0,,0,,29.1109895706
1500000US150030068181,,2,0,0.949999988079,0.0,,0,,
1500000US150030068191,,1,0,0.5,32.0,,0,,31.0792531967
1500000US150030068192,,3,0,0.699999988079,0.0,,0,,29.7241716385
1500000US150030069001,,1,0,0.939999997616,0.0,,0,,27.6605772972
1500000US150030069002,,2,0,0.949999988079,57.0,,0,,29.1911756727
1500000US150030070011,,5,0,0.949999988079,34.0,,0,,26.4175560291
1500000US150030070012,,4,0,0.930000007153,0.0,,0,,24.9356613159
1500000US150030070021,,1,0,0.930000007153,44.0,,0,,27.1827487946
1500000US150030070022,,3,0,0.930000007153,25.0,,0,,26.0403241052
1500000US150030073024,,3,0,0.959999978542,0.0,,0,,23.8113589287
1500000US150030075042,,1,1,0.879999995232,17.0,,0,,29.9685115814
1500000US150030075071,,5,1,0.889999985695,71.0,,0,,37.5226963588
1500000US150030075072,,2,1,0.939999997616,81.0,,0,,62.5626147134
1500000US150030075073,,3,1,0.949999988079,81.0,,0,,49.9701923024
1500000US150030075074,,2,1,0.939999997616,81.0,,0,,66.680134355
1500000US150030075081,,2,0,0.980000019073,67.0,,0,,38.6234232585
1500000US150030075082,,3,0,0.939999997616,46.0,,0,,32.8307975133
1500000US150030075083,,2,0,0.930000007153,30.0,,0,,29.7765927315
1500000US150030075084,,3,0,0.97000002861,57.0,0.1741659447,1,0.106199,33.6821895946
1500000US150030075085,,4,0,0.939999997616,49.0,1.70800846239,1,2.00473,33.0188041687
1500000US150030077011,,4,1,0.899999976158,76.0,,0,,38.3756281535
1500000US150030077021,,3,1,0.949999988079,66.0,,0,,37.8853031158
1500000US150030077022,,3,1,0.860000014305,81.0,,0,,44.440642039
1500000US150030077023,,2,0,0.759999990463,81.0,,0,,71.8800293849
1500000US150030077024,,2,0,0.769999980927,81.0,,0,,55.3499318077
1500000US150030078041,,4,0,0.889999985695,38.0,,0,,31.2642235756
1500000US150030078042,,6,0,0.740000009537,61.0,,0,,35.0869941711
1500000US150030078071,,1,1,0.889999985695,15.0,,0,,34.823299408
1500000US150030078072,,1,1,,72.0,,0,,
1500000US150030078073,,2,0,0.25,43.0,,0,,
1500000US150030078075,,2,0,0.889999985695,25.0,,0,,33.8919258118
1500000US150030078091,,1,0,0.730000019073,81.0,,0,,47.6974563599
1500000US150030078093,,1,0,0.730000019073,81.0,,0,,51.8192890167
1500000US150030078121,,3,0,0.839999973774,81.0,,0,,34.8919005394
1500000US150030078122,,3,0,0.839999973774,24.0,,0,,31.1979026794
1500000US150030078131,,3,0,0.899999976158,50.0,,0,,32.2874469757
1500000US150030078132,,2,0,0.930000007153,48.0,,0,,32.9888744354
1500000US150030078133,,2,0,0.870000004768,8.0,,0,,34.6536661784
1500000US150030078141,,2,0,0.730000019073,81.0,,0,,43.3451943648
1500000US150030078142,,1,0,0.77999997139,79.0,,0,,48.0241254171
1500000US150030078151,,4,0,0.769999980927,81.0,,0,,52.1557693481
1500000US150030078161,,1,0,0.709999978542,81.0,,0,,65.4689688249
1500000US150030078162,,2,0,0.850000023842,65.0,,0,,36.6602414449
1500000US150030078163,,2,0,0.740000009537,81.0,,0,,41.0638295954
1500000US150030078172,,1,0,0.730000019073,81.0,,0,,46.9937023587
1500000US150030080022,,4,0,0.850000023842,17.0,,0,,29.8724571228
1500000US150030080051,,3,0,0.660000026226,81.0,,0,,46.7149606705
1500000US150030080052,,2,0,0.730000019073,81.0,,0,,38.9344111356
1500000US150030080053,,1,0,0.430000007153,73.0,,0,,50.364238739
1500000US150030080054,,1,0,0.360000014305,81.0,,0,,61.0175890536
1500000US150030080081,,3,0,0.879999995232,14.0,,0,,29.4505596161
1500000US150030080082,,1,0,0.899999976158,51.0,,0,,27.8215667725
1500000US150030080091,,5,0,0.819999992847,0.0,,0,,28.2404301961
1500000US150030080092,,5,1,0.879999995232,70.0,,0,,28.3668826177
1500000US150030080101,,4,0,0.910000026226,6.0,,0,,30.8220324516
1500000US150030080102,,4,0,0.759999990463,24.0,,0,,32.4652828217
1500000US150030080111,,4,1,0.889999985695,81.0,,0,,32.9324664336
1500000US150030080121,,5,0,0.839999973774,49.0,,0,,32.9571726663
1500000US150030080122,,5,0,0.699999988079,58.0,,0,,32.5354791369
1500000US150030080131,,2,0,0.699999988079,19.0,,0,,36.5832850138
1500000US150030080132,,3,0,0.699999988079,74.0,,0,,37.5251674652
1500000US150030083021,,4,0,0.879999995232,0.0,,0,,21.4041047096
1500000US150030083022,,1,0,0.910000026226,0.0,0.838693963984,1,0.487174,21.5571714548
1500000US150030084051,,1,0,0.910000026226,1.0,1.03173289551,1,0.670334,21.6762305173
1500000US150030084052,,1,0,0.829999983311,0.0,,0,,21.6266946793
1500000US150030084053,,1,0,0.889999985695,0.0,,0,,21.6466270447
1500000US150030084071,,3,0,0.879999995232,0.0,,0,,21.5427319209
1500000US150030084081,,1,0,0.850000023842,0.0,,0,,21.5301521846
1500000US150030084101,,1,0,0.879999995232,0.0,,0,,21.5695700645
1500000US150030084102,,1,0,0.889999985695,0.0,7.98045630848,1,1.99046,21.4393543667
1500000US150030084111,,1,1,0.879999995232,0.0,1.0384154679,1,0.460252,21.4621098836
1500000US150030084112,,1,0,0.870000004768,0.0,,0,,21.5649261475
1500000US150030084113,,1,0,0.870000004768,0.0,0.346879348329,1,0.611583,21.5616550446
1500000US150030084131,,5,0,0.839999973774,0.0,,0,,21.5628124237
1500000US150030084132,,5,0,0.879999995232,0.0,,0,,21.5443897247
1500000US150030084141,,2,0,0.930000007153,0.0,40.8309135239,1,9.6776,21.6286111559
1500000US150030084151,,1,0,0.850000023842,3.0,,0,,21.6213946342
1500000US150030084152,,1,0,0.889999985695,0.0,,0,,21.6724029541
1500000US150030084161,,1,0,0.870000004768,0.0,,0,,21.5502891541
1500000US150030084162,,1,0,0.810000002384,0.0,,0,,21.5331401825
1500000US150030084171,,1,0,0.790000021458,0.0,,0,,21.537530899
1500000US150030084172,,1,0,0.870000004768,0.0,,0,,21.6021270752
1500000US150030084173,,1,0,0.699999988079,0.0,,0,,21.5854167938
1500000US150030086091,,1,0,0.879999995232,54.0,,0,,22.904895119
1500000US150030086231,,1,0,0.949999988079,64.0,,0,,23.3246577581
1500000US150030086232,,1,0,0.930000007153,7.0,,0,,22.5721056938
1500000US150030086233,,1,1,0.72000002861,0.0,,0,,21.9674276624
1500000US150030086234,,1,0,0.980000019073,81.0,,0,,23.3704671097
1500000US150030086241,,1,0,0.899999976158,38.0,,0,,21.7994981493
1500000US150030086251,,1,0,0.870000004768,0.0,,0,,21.6008669535
1500000US150030086252,,1,0,0.899999976158,0.0,,0,,21.672168541
1500000US150030086261,,1,1,0.879999995232,0.0,,0,,21.625062541
1500000US150030086262,,1,1,0.850000023842,0.0,,0,,21.588657803
1500000US150030086271,,3,0,0.980000019073,81.0,,0,,34.6262743412
1500000US150030086272,,1,0,0.980000019073,81.0,,0,,26.0581993421
1500000US150030086273,,1,0,0.97000002861,81.0,,0,,32.4244528876
1500000US150030086274,,1,1,0.899999976158,0.0,,0,,22.0671799567
1500000US150030086281,,2,0,0.910000026226,33.0,,0,,22.2379973729
1500000US150030086282,,1,0,0.709999978542,0.0,,0,,22.2513430913
1500000US150030086291,,1,0,0.819999992847,0.0,,0,,21.8035607338
1500000US150030086301,,1,0,0.949999988079,81.0,,0,,28.8326127189
1500000US150030086302,,1,0,0.949999988079,81.0,,0,,32.8151676178
1500000US150030086311,,1,0,0.97000002861,81.0,,0,,31.0294809341
1500000US150030086312,,1,0,0.959999978542,81.0,,0,,38.2967060833
1500000US150030086321,,1,0,0.949999988079,53.0,,0,,23.285262789
1500000US150030086322,,1,0,0.77999997139,46.0,,0,,25.0433487892
1500000US150030086323,,1,0,0.949999988079,81.0,,0,,26.1519855499
1500000US150030086324,,1,0,0.949999988079,81.0,,0,,23.5668939863
1500000US150030086331,,2,0,0.980000019073,81.0,,0,,25.8350712776
1500000US150030086341,,1,0,0.949999988079,72.0,,0,,29.6771860123
1500000US150030086342,,1,0,0.930000007153,78.0,,0,,28.1567521095
1500000US150030086343,,1,0,0.97000002861,74.0,,0,,29.7487055461
1500000US150030087061,,1,0,0.959999978542,0.0,,0,,22.4774847031
1500000US150030087072,,2,0,0.819999992847,26.0,,0,,24.3859853745
1500000US150030087073,,2,0,0.829999983311,8.0,,0,,25.0811314583
1500000US150030088011,,1,0,0.819999992847,3.0,,0,,24.127895991
1500000US150030088012,,1,0,0.889999985695,31.0,,0,,24.6041437785
1500000US150030088023,,3,0,0.939999997616,20.0,,0,,23.9388515472
1500000US150030089061,,3,0,0.910000026226,72.0,,0,,34.8887268066
1500000US150030089062,,3,0,0.930000007153,8.0,,0,,33.9726638794
1500000US150030089063,,2,0,0.930000007153,3.0,,0,,35.1042499542
1500000US150030089091,,1,0,0.959999978542,0.0,,0,,31.21941185
1500000US150030089092,,1,0,0.930000007153,22.0,,0,,32.671446991
1500000US150030089093,,2,0,0.939999997616,6.0,,0,,32.3580799103
1500000US150030089121,,1,0,0.889999985695,29.0,,0,,25.0036582947
1500000US150030089122,,1,0,0.839999973774,3.0,,0,,24.5545406342
1500000US150030089131,,2,0,0.920000016689,44.0,,0,,23.7082916896
1500000US150030089132,,2,0,0.910000026226,10.0,,0,,23.619977951
1500000US150030089133,,3,0,0.939999997616,2.0,,0,,23.9986624718
1500000US150030089171,,3,0,0.920000016689,4.0,,0,,41.913974762
1500000US150030089172,,3,0,0.889999985695,3.0,,0,,36.8189790514
1500000US150030089173,,1,0,0.899999976158,81.0,,0,,42.7002721514
1500000US150030089174,,3,0,0.730000019073,55.0,,0,,39.5939817429
1500000US150030089175,,1,0,0.870000004768,4.0,,0,,38.6254606247
1500000US150030089181,,2,0,0.949999988079,80.0,,0,,31.3791036606
1500000US150030089182,,2,0,0.939999997616,81.0,,0,,36.2766518593
1500000US150030089183,,2,0,0.939999997616,14.0,,0,,32.8232040405
1500000US150030089184,,3,0,0.850000023842,48.0,,0,,34.7430000305
1500000US150030089185,,4,0,0.930000007153,5.0,,0,,34.7720470428
1500000US150030089211,,1,0,0.920000016689,3.0,,0,,27.0806074142
1500000US150030089212,,1,1,0.910000026226,78.0,,0,,26.888331604
1500000US150030089261,,1,0,0.870000004768,81.0,,0,,49.1669178009
1500000US150030089281,,2,0,0.879999995232,64.0,,0,,59.3592652215
1500000US150030089282,,1,0,0.860000014305,81.0,,0,,62.7992038727
1500000US150030089291,,1,0,0.769999980927,54.0,,0,,45.0454807281
1500000US150030089292,,2,0,0.930000007153,52.0,,0,,49.3610833486
1500000US150030089293,,3,0,0.889999985695,47.0,,0,,54.0608825684
1500000US150030089294,,3,0,0.910000026226,59.0,,0,,51.4709091187
1500000US150030089295,,3,0,0.910000026226,0.0,,0,,50.4497032166
1500000US150030089301,,3,0,0.930000007153,81.0,,0,,47.1164554596
1500000US150030089302,,3,0,0.939999997616,52.0,,0,,50.0661076137
1500000US150030089311,,2,1,0.930000007153,81.0,,0,,48.1723404604
1500000US150030089312,,1,0,0.620000004768,81.0,,0,,75.0438073476
1500000US150030089313,,2,0,0.850000023842,81.0,,0,,74.5757819812
1500000US150030089321,,1,0,0.939999997616,0.0,,0,,31.6001067162
1500000US150030089322,,1,0,0.930000007153,13.0,,0,,32.954744339
1500000US150030089331,,2,0,0.97000002861,81.0,,0,,29.2734507591
1500000US150030089332,,1,0,0.939999997616,0.0,,0,,30.5282850266
1500000US150030089341,,1,0,0.990000009537,15.0,,0,,25.7849619124
1500000US150030089342,,1,0,0.949999988079,0.0,,0,,26.4812226295
1500000US150030089343,,1,0,0.980000019073,81.0,,0,,31.4813740959
1500000US150030089351,,1,0,0.980000019073,42.0,,0,,25.2190499306
1500000US150030089352,,1,0,0.959999978542,64.0,,0,,25.1573238373
1500000US150030089361,,2,0,0.959999978542,71.0,,0,,24.7438836779
1500000US150030089362,,2,0,0.949999988079,60.0,,0,,24.2401536306
1500000US150030089371,,1,0,0.959999978542,4.0,,0,,23.1665805817
1500000US150030089381,,3,0,0.839999973774,0.0,,0,,23.3040161133
1500000US150030089382,,3,0,0.959999978542,0.0,,0,,23.3165574074
1500000US150030089391,,1,0,0.949999988079,70.0,,0,,39.8461583455
1500000US150030089392,,1,1,0.759999990463,81.0,,0,,38.3392562866
1500000US150030089393,,1,1,0.639999985695,80.0,,0,,40.5211212158
1500000US150030089401,,1,0,0.939999997616,61.0,,0,,40.1304802895
1500000US150030089402,,2,0,0.949999988079,52.0,,0,,42.4090576172
1500000US150030089411,,3,0,0.930000007153,8.0,,0,,37.2967508489
1500000US150030089421,,4,0,0.949999988079,59.0,,0,,40.1904511452
1500000US150030089422,,3,0,0.930000007153,73.0,,0,,37.1890538534
1500000US150030089431,,1,0,0.910000026226,81.0,,0,,50.9522268507
1500000US150030089441,,1,0,0.879999995232,78.0,,0,,44.0305455526
1500000US150030089442,,1,0,0.910000026226,77.0,,0,,45.3367506663
1500000US150030089443,,1,0,0.910000026226,63.0,,0,,46.5536880493
1500000US150030089451,,2,0,0.939999997616,81.0,,0,,34.7129712186
1500000US150030089461,,1,0,0.939999997616,0.0,,0,,28.8845500946
1500000US150030089462,,1,0,0.949999988079,80.0,,0,,28.7384380341
1500000US150030089463,,1,0,0.949999988079,0.0,,0,,29.5465183258
1500000US150030089471,,1,0,0.930000007153,0.0,,0,,28.6682254791
1500000US150030089481,,1,0,0.939999997616,0.0,,0,,28.0737751007
1500000US150030089482,,1,0,0.930000007153,0.0,,0,,27.7018623352
1500000US150030089483,,1,0,0.949999988079,0.0,,0,,28.6698945363
1500000US150030089491,,1,0,0.949999988079,45.0,,0,,25.7665578402
1500000US150030089501,,3,0,0.97000002861,51.0,,0,,25.0384676797
1500000US150030089511,,1,0,0.959999978542,3.0,,0,,24.8628457387
1500000US150030089512,,1,0,0.939999997616,7.0,,0,,24.507692337
1500000US150030089521,,1,0,0.959999978542,81.0,,0,,27.1135781439
1500000US150030089522,,1,0,0.949999988079,44.0,,0,,25.6400297165
1500000US150030089523,,1,1,0.980000019073,81.0,,0,,24.8649783887
1500000US150030090001,,1,0,0.899999976158,81.0,,0,,36.6507812008
1500000US150030090002,,3,0,0.930000007153,81.0,,0,,38.1185621286
1500000US150030091001,,1,0,0.920000016689,70.0,,0,,44.1519992663
1500000US150030091002,,4,0,0.920000016689,81.0,,0,,52.1975001976
1500000US150030091003,,1,0,0.870000004768,31.0,,0,,48.2633609772
1500000US150030092011,,3,0,0.800000011921,69.0,,0,,59.489516449
1500000US150030092012,,1,0,0.52999997139,71.0,,0,,69.2138722738
1500000US150030092013,,1,0,0.550000011921,81.0,,0,,77.731628418
1500000US150030092021,,3,0,0.839999973774,81.0,,0,,60.4890806025
1500000US150030092022,,3,0,0.800000011921,31.0,,0,,59.2113712311
1500000US150030092031,,3,0,0.839999973774,78.0,,0,,51.7758317835
1500000US150030093011,,3,0,0.870000004768,73.0,,0,,45.5716972351
1500000US150030093021,,2,0,0.879999995232,56.0,,0,,47.305519104
1500000US150030093022,,2,0,0.860000014305,16.0,,0,,44.640666008
1500000US150030093023,,2,0,0.889999985695,78.0,,0,,47.9018259048
1500000US150030094011,,3,0,0.930000007153,57.0,,0,,39.8371865749
1500000US150030094021,,2,0,0.889999985695,5.0,,0,,42.5775527954
1500000US150030094022,,2,0,0.899999976158,61.0,,0,,43.0191192627
1500000US150030094023,,3,0,0.77999997139,27.0,,0,,41.1457901001
1500000US150030095071,,1,0,0.910000026226,81.0,,0,,38.5179518064
1500000US150030095072,,1,0,0.930000007153,0.0,,0,,38.4439201355
1500000US150030095081,,1,0,0.920000016689,15.0,,0,,38.7387771606
1500000US150030095091,,1,0,0.920000016689,0.0,,0,,38.488615036
1500000US150030095092,,1,0,0.889999985695,14.0,,0,,38.3258652687
1500000US150030095101,,1,0,0.910000026226,0.0,,0,,38.9921674728
1500000US150030095102,,1,0,0.730000019073,0.0,,0,,39.5955924988
1500000US150030095111,,1,0,0.889999985695,24.0,,0,,38.528842926
1500000US150030095112,,1,0,0.910000026226,45.0,,0,,38.1094596169
1500000US150030095121,,3,0,0.910000026226,35.0,,0,,38.3987590245
1500000US150030095122,,2,0,0.949999988079,67.0,,0,,37.9048632453
1500000US150030095123,,1,0,0.930000007153,13.0,,0,,38.1783924103
1500000US150030096092,,1,0,0.930000007153,1.0,,0,,22.7057600021
1500000US150030096093,,1,0,0.949999988079,81.0,,0,,23.3022998361
1500000US150030097041,,1,0,0.990000009537,81.0,,0,,25.9583816221
1500000US150030097051,,2,0,0.889999985695,42.0,,0,,21.9453749657
1500000US150030097053,,2,1,0.920000016689,41.0,,0,,21.7582565943
1500000US150030097061,,1,0,0.949999988079,81.0,,0,,31.5552135573
1500000US150030097062,,2,0,0.959999978542,81.0,,0,,23.186762068
1500000US150030097063,,1,0,0.959999978542,80.0,,0,,26.7666606903
1500000US150030098041,,1,0,0.910000026226,0.0,,0,,25.6957187653
1500000US150030098043,,1,1,0.930000007153,27.0,,0,,25.7084884644
1500000US150030100002,,1,1,0.920000016689,81.0,,0,,38.2335180214
1500000US150030100003,,1,0,0.879999995232,70.0,,0,,53.6066218785
1500000US150030103051,,1,1,0.330000013113,81.0,,0,,81.216753006
1500000US150030103081,,2,0,0.310000002384,81.0,,0,,70.7349980672
1500000US150030103082,,2,0,0.310000002384,51.0,,0,,73.3578391075
1500000US150030103083,,1,0,0.330000013113,81.0,,0,,86.8034533797
1500000US150030103091,,2,0,0.340000003576,81.0,,0,,80.2650088384
1500000US150030103092,,1,1,0.330000013113,59.0,,0,,71.988904086
1500000US150030103093,,1,0,0.360000014305,81.0,,0,,92.8553771973
1500000US150030103102,,1,0,0.310000002384,72.0,,0,,63.4882392883
1500000US150030105031,,2,0,0.310000002384,61.0,,0,,73.018423814
1500000US150030105032,,3,1,0.289999991655,74.0,0.0328522662054,1,0.0208169,60.263862186
1500000US150030105052,,2,1,0.370000004768,35.0,,0,,58.5931539536
1500000US150030105071,,3,0,0.330000013113,32.0,,0,,59.498120202
1500000US150030105072,,3,1,0.289999991655,44.0,,0,,62.6889629364
1500000US150030105073,,1,0,0.310000002384,35.0,,0,,70.0322921753
1500000US150030105074,,1,0,0.280000001192,79.0,,0,,80.6156781514
1500000US150030105091,,2,1,0.310000002384,34.0,,0,,54.0784937541
1500000US150030105092,,2,1,0.280000001192,29.0,,0,,52.6732177734
1500000US150030106012,,4,0,0.310000002384,0.0,0.122071888657,1,0.132289,59.287472407
1500000US150030106013,,3,0,0.25,8.0,0.0205013719334,1,0.0405596,61.4582767487
1500000US150030106021,,3,0,0.319999992847,63.0,,0,,68.0054168701
1500000US150030106022,,1,0,0.310000002384,78.0,,0,,72.2181542136
1500000US150030106023,,4,1,0.330000013113,48.0,,0,,61.4468692144
1500000US150030107011,,1,0,0.40000000596,81.0,,0,,48.3964958191
1500000US150030107021,,1,0,0.40000000596,81.0,,0,,57.8340792163
1500000US150030107022,,3,1,0.340000003576,21.0,,0,,57.7243942261
1500000US150030107023,,3,0,0.310000002384,35.0,,0,,55.069038868
1500000US150030111032,,3,0,0.850000023842,81.0,,0,,42.5604468898
1500000US150030111065,,1,0,0.870000004768,73.0,,0,,35.8222473145
1500000US150030113001,,1,1,0.920000016689,81.0,,0,,54.8323519603
1500000US150030115001,,2,0,0.850000023842,0.0,,0,,21.6397290911
1500000US150030115002,,2,0,0.910000026226,0.0,,0,,21.7771412532
1500000US150030115003,,2,0,0.860000014305,30.0,,0,,21.4960222244
1500000US150030115004,,2,0,0.860000014305,38.0,,0,,21.5491373399
1500000US150030115005,,2,0,0.899999976158,62.0,,0,,22.2112802124
1500000US150030116001,,4,0,0.709999978542,81.0,,0,,91.1060598506
1500000US150030116002,,4,0,0.800000011921,81.0,,0,,43.9568532308
1500000US150039806001,,1,0,0.879999995232,81.0,,0,,44.2747665006
1500000US150039807001,,3,0,0.870000004768,81.0,,0,,61.9055240516
1500000US150039808001,,1,0,0.300000011921,75.0,,0,,79.9946875572
1500000US150039812001,,1,0,,,,0,,
1500000US150039821001,,3,0,,0.0,,0,,33.905418396
1500000US150070402041,,1,1,0.519999980927,81.0,,0,,63.9851336104
1500000US150070402042,,1,1,0.479999989271,81.0,,0,,73.9632034302
1500000US150070403011,,2,0,0.680000007153,62.0,,0,,43.436580658
1500000US150070404011,,1,1,0.689999997616,81.0,,0,,47.7621944427
1500000US150070404022,,2,0,0.709999978542,48.0,,0,,58.5940825939
1500000US150070405001,,2,1,0.670000016689,80.0,,0,,50.2121291161
1500000US150070406041,,1,1,0.77999997139,81.0,,0,,67.1709550605
1500000US150070407011,,1,1,0.670000016689,81.0,,0,,75.4463971939
1500000US150070407012,,1,1,0.800000011921,81.0,,0,,64.6223776681
1500000US150070407021,,1,1,0.889999985695,81.0,,0,,56.0960568159
1500000US150070407022,,1,1,0.829999983311,81.0,,0,,53.5235069275
1500000US150070412001,,1,0,,81.0,,0,,
1500000US150090302031,,1,0,0.610000014305,81.0,,0,,76.6926925383
1500000US150090302032,,1,1,0.670000016689,81.0,0.277651377204,1,0.0188758,58.8536640868
1500000US150090302041,,1,0,0.730000019073,81.0,,0,,61.6772319909
1500000US150090302042,,1,0,0.589999973774,81.0,,0,,76.9663698229
1500000US150090303041,,1,0,0.819999992847,81.0,,0,,23.5687769637
1500000US150090303042,,1,0,0.709999978542,81.0,,0,,26.3369865417
1500000US150090303051,,1,0,0.589999973774,81.0,,0,,43.4516866822
1500000US150090303052,,1,0,0.600000023842,81.0,,0,,25.815679423
1500000US150090303054,,1,0,0.629999995232,81.0,,0,,32.0978633078
1500000US150090303061,,1,1,0.850000023842,76.0,,0,,13.8034661081
1500000US150090304031,,1,0,0.519999980927,81.0,,0,,83.3031151295
1500000US150090304032,,2,0,0.670000016689,73.0,,0,,54.5378712741
1500000US150090304041,,2,0,0.850000023842,81.0,,0,,53.5630317473
1500000US150090304042,,2,0,0.629999995232,72.0,,0,,60.85557516
1500000US150090304043,,2,0,0.699999988079,67.0,,0,,48.6346744089
1500000US150090304051,,2,0,0.839999973774,81.0,,0,,42.3069622166
1500000US150090304061,,1,0,0.649999976158,51.0,,0,,39.3275694596
1500000US150090304062,,1,0,0.670000016689,35.0,,0,,37.1364265442
1500000US150090304063,,2,0,0.769999980927,81.0,,0,,34.8180727206
1500000US150090307051,,2,1,0.930000007153,47.0,,0,,12.0906356406
1500000US150090307052,,1,0,0.899999976158,9.0,,0,,10.8447779655
1500000US150090307093,,1,1,0.899999976158,26.0,0.162099572856,1,0.123636,12.1678315798
1500000US150090307102,,1,0,0.850000023842,27.0,,0,,12.3863298893
1500000US150090307112,,1,1,0.860000014305,0.0,,0,,10.7882302602
1500000US150090308002,,1,1,0.77999997139,81.0,,0,,42.4808328173
1500000US150090308003,,1,1,0.839999973774,81.0,,0,,28.0928188269
1500000US150090309011,,1,1,0.800000011921,67.0,,0,,32.6395442963
1500000US150090309012,,2,1,0.740000009537,67.0,,0,,31.0931362152
1500000US150090309013,,3,1,0.810000002384,55.0,,0,,26.4578568141
1500000US150090309021,,2,1,0.939999997616,47.0,,0,,22.3969650269
1500000US150090309031,,1,0,0.910000026226,80.0,,0,,24.3123482068
1500000US150090309032,,1,1,0.829999983311,76.0,,0,,25.8993092946
1500000US150090310011,,1,0,0.790000021458,81.0,,0,,46.1255973078
1500000US150090310012,,1,0,0.790000021458,81.0,,0,,38.1003909444
1500000US150090310013,,2,1,0.810000002384,18.0,,0,,26.7476388295
1500000US150090310014,,1,0,0.819999992847,52.0,,0,,31.8326509264
1500000US150090310021,,3,1,0.800000011921,57.0,,0,,26.7178357442
1500000US150090310022,,4,0,0.899999976158,80.0,,0,,21.9955074787
1500000US150090311021,,2,0,0.889999985695,39.0,,0,,18.2435340881
1500000US150090311022,,3,0,0.899999976158,55.0,,0,,18.0903313955
1500000US150090311023,,5,0,0.889999985695,48.0,,0,,17.384762764
1500000US150090311041,,2,0,0.819999992847,5.0,,0,,17.217900149
1500000US150090311051,,2,0,0.769999980927,33.0,,0,,17.31072553
1500000US150090311052,,3,0,0.899999976158,0.0,,0,,16.9320793152
1500000US150090311053,,2,0,0.839999973774,0.0,,0,,16.6044425964
1500000US150090311061,,5,0,0.870000004768,74.0,,0,,19.0006551743
1500000US150090311062,,2,0,0.910000026226,44.0,,0,,19.1338954926
1500000US150090311071,,2,1,0.839999973774,71.0,,0,,20.1136497034
1500000US150090314051,,3,1,0.930000007153,81.0,,0,,17.2196760759
1500000US150090314052,,3,1,0.850000023842,78.0,,0,,18.4071837531
1500000US150090314053,,1,1,0.889999985695,6.0,,0,,13.823327337
1500000US150090314054,,2,1,0.829999983311,31.0,,0,,15.5506490072
1500000US150090315052,,1,1,0.759999990463,60.0,6.811087575,1,4.55895,29.2009365082
1500000US150090315053,,1,1,0.819999992847,77.0,3.54554978975,1,0.390445,37.5152907525
1500000US150090316012,,1,0,0.52999997139,10.0,,0,,30.3520531654
1500000US150090319002,,2,0,0.899999976158,0.0,,0,,16.5245811462
1500000US150099800001,,1,1,0.889999985695,81.0,,0,,15.9055964375
