<metadata xml:lang="en"><Esri><CreaDate>20250527</CreaDate><CreaTime>17294200</CreaTime><ArcGISFormat>1.0</ArcGISFormat><SyncOnce>FALSE</SyncOnce><DataProperties><itemProps><itemName Sync="TRUE">onesite_sewage_disposal</itemName><imsContentType Sync="TRUE">002</imsContentType><itemLocation><linkage Sync="TRUE">file://\\M16R2\C$\GITHUB\CCSVI\Scripts\Spatial_Analysis\input\infrastructure\onesite_sewage_disposal.shp</linkage><protocol Sync="TRUE">Local Area Network</protocol></itemLocation><itemSize Sync="TRUE">0.000</itemSize></itemProps><coordRef><type Sync="TRUE">Projected</type><geogcsn Sync="TRUE">GCS_WGS_1984</geogcsn><csUnits Sync="TRUE">Linear Unit: Meter (1.000000)</csUnits><projcsn Sync="TRUE">WGS_1984_Web_Mercator_Auxiliary_Sphere</projcsn><peXml Sync="TRUE">&lt;ProjectedCoordinateSystem xsi:type='typens:ProjectedCoordinateSystem' xmlns:xsi='http://www.w3.org/2001/XMLSchema-instance' xmlns:xs='http://www.w3.org/2001/XMLSchema' xmlns:typens='http://www.esri.com/schemas/ArcGIS/3.4.0'&gt;&lt;WKT&gt;PROJCS[&amp;quot;WGS_1984_Web_Mercator_Auxiliary_Sphere&amp;quot;,GEOGCS[&amp;quot;GCS_WGS_1984&amp;quot;,DATUM[&amp;quot;D_WGS_1984&amp;quot;,SPHEROID[&amp;quot;WGS_1984&amp;quot;,6378137.0,298.257223563]],PRIMEM[&amp;quot;Greenwich&amp;quot;,0.0],UNIT[&amp;quot;Degree&amp;quot;,0.0174532925199433]],PROJECTION[&amp;quot;Mercator_Auxiliary_Sphere&amp;quot;],PARAMETER[&amp;quot;False_Easting&amp;quot;,0.0],PARAMETER[&amp;quot;False_Northing&amp;quot;,0.0],PARAMETER[&amp;quot;Central_Meridian&amp;quot;,0.0],PARAMETER[&amp;quot;Standard_Parallel_1&amp;quot;,0.0],PARAMETER[&amp;quot;Auxiliary_Sphere_Type&amp;quot;,0.0],UNIT[&amp;quot;Meter&amp;quot;,1.0],AUTHORITY[&amp;quot;EPSG&amp;quot;,3857]]&lt;/WKT&gt;&lt;XOrigin&gt;-20037700&lt;/XOrigin&gt;&lt;YOrigin&gt;-30241100&lt;/YOrigin&gt;&lt;XYScale&gt;148923141.92838538&lt;/XYScale&gt;&lt;ZOrigin&gt;-100000&lt;/ZOrigin&gt;&lt;ZScale&gt;10000&lt;/ZScale&gt;&lt;MOrigin&gt;-100000&lt;/MOrigin&gt;&lt;MScale&gt;10000&lt;/MScale&gt;&lt;XYTolerance&gt;0.001&lt;/XYTolerance&gt;&lt;ZTolerance&gt;0.001&lt;/ZTolerance&gt;&lt;MTolerance&gt;0.001&lt;/MTolerance&gt;&lt;HighPrecision&gt;true&lt;/HighPrecision&gt;&lt;WKID&gt;102100&lt;/WKID&gt;&lt;LatestWKID&gt;3857&lt;/LatestWKID&gt;&lt;/ProjectedCoordinateSystem&gt;</peXml></coordRef><lineage><Process ToolSource="c:\program files\arcgis\pro\Resources\ArcToolbox\toolboxes\Data Management Tools.tbx\Merge" Date="20250527" Time="172945">Merge On-site_Sewage_Disposal_Systems_-_Kauai;On-site_Sewage_Disposal_Systems_-_Oahu;On-site_Sewage_Disposal_Systems_-_Molokai;On-site_Sewage_Disposal_Systems_-_Maui;On-site_Sewage_Disposal_Systems_-_Hawaii_Island C:\GIS\WWO\WWOL\WWOL.gdb\HI_Onsite_Sewage_Disposal "objectid "objectid" true true false 5 Long 0 5,First,#,On-site_Sewage_Disposal_Systems_-_Kauai,objectid,-1,-1,On-site_Sewage_Disposal_Systems_-_Oahu,objectid,-1,-1,On-site_Sewage_Disposal_Systems_-_Molokai,objectid,-1,-1,On-site_Sewage_Disposal_Systems_-_Maui,objectid,-1,-1,On-site_Sewage_Disposal_Systems_-_Hawaii_Island,objectid,-1,-1;island "island" true true false 7 Text 0 0,First,#,On-site_Sewage_Disposal_Systems_-_Kauai,island,0,4,On-site_Sewage_Disposal_Systems_-_Molokai,island,0,6,On-site_Sewage_Disposal_Systems_-_Maui,island,0,3,On-site_Sewage_Disposal_Systems_-_Hawaii_Island,island,0,5;tmk "tmk" true true false 9 Long 0 9,First,#,On-site_Sewage_Disposal_Systems_-_Kauai,tmk,-1,-1,On-site_Sewage_Disposal_Systems_-_Molokai,tmk,-1,-1,On-site_Sewage_Disposal_Systems_-_Maui,tmk,-1,-1,On-site_Sewage_Disposal_Systems_-_Hawaii_Island,tmk,-1,-1;bldgval "bldgval" true true false 8 Long 0 8,First,#,On-site_Sewage_Disposal_Systems_-_Kauai,bldgval,-1,-1,On-site_Sewage_Disposal_Systems_-_Molokai,bldgval,-1,-1,On-site_Sewage_Disposal_Systems_-_Maui,bldgval,-1,-1,On-site_Sewage_Disposal_Systems_-_Hawaii_Island,bldgval,-1,-1;bldexem "bldexem" true true false 7 Long 0 7,First,#,On-site_Sewage_Disposal_Systems_-_Kauai,bldexem,-1,-1,On-site_Sewage_Disposal_Systems_-_Molokai,bldexem,-1,-1,On-site_Sewage_Disposal_Systems_-_Maui,bldexem,-1,-1,On-site_Sewage_Disposal_Systems_-_Hawaii_Island,bldexem,-1,-1;pittcode "pittcode" true true false 3 Short 0 3,First,#,On-site_Sewage_Disposal_Systems_-_Kauai,pittcode,-1,-1,On-site_Sewage_Disposal_Systems_-_Molokai,pittcode,-1,-1,On-site_Sewage_Disposal_Systems_-_Maui,pittcode,-1,-1,On-site_Sewage_Disposal_Systems_-_Hawaii_Island,pittcode,-1,-1;homeownr "homeownr" true true false 1 Text 0 0,First,#,On-site_Sewage_Disposal_Systems_-_Kauai,homeownr,0,254,On-site_Sewage_Disposal_Systems_-_Molokai,homeownr,0,254,On-site_Sewage_Disposal_Systems_-_Maui,homeownr,0,254,On-site_Sewage_Disposal_Systems_-_Hawaii_Island,homeownr,0,254;gisacres "gisacres" true true false 24 Double 15 23,First,#,On-site_Sewage_Disposal_Systems_-_Kauai,gisacres,-1,-1,On-site_Sewage_Disposal_Systems_-_Molokai,gisacres,-1,-1,On-site_Sewage_Disposal_Systems_-_Maui,gisacres,-1,-1,On-site_Sewage_Disposal_Systems_-_Hawaii_Island,gisacres,-1,-1;osds_qty "osds_qty" true true false 2 Short 0 2,First,#,On-site_Sewage_Disposal_Systems_-_Kauai,osds_qty,-1,-1,On-site_Sewage_Disposal_Systems_-_Molokai,osds_qty,-1,-1,On-site_Sewage_Disposal_Systems_-_Maui,osds_qty,-1,-1,On-site_Sewage_Disposal_Systems_-_Hawaii_Island,osds_qty,-1,-1;class_i "class_i" true true false 2 Short 0 2,First,#,On-site_Sewage_Disposal_Systems_-_Kauai,class_i,-1,-1,On-site_Sewage_Disposal_Systems_-_Molokai,class_i,-1,-1,On-site_Sewage_Disposal_Systems_-_Maui,class_i,-1,-1,On-site_Sewage_Disposal_Systems_-_Hawaii_Island,class_i,-1,-1;class_ii "class_ii" true true false 2 Short 0 2,First,#,On-site_Sewage_Disposal_Systems_-_Kauai,class_ii,-1,-1,On-site_Sewage_Disposal_Systems_-_Molokai,class_ii,-1,-1,On-site_Sewage_Disposal_Systems_-_Maui,class_ii,-1,-1,On-site_Sewage_Disposal_Systems_-_Hawaii_Island,class_ii,-1,-1;class_iii "class_iii" true true false 2 Short 0 2,First,#,On-site_Sewage_Disposal_Systems_-_Kauai,class_iii,-1,-1,On-site_Sewage_Disposal_Systems_-_Molokai,class_iii,-1,-1,On-site_Sewage_Disposal_Systems_-_Maui,class_iii,-1,-1,On-site_Sewage_Disposal_Systems_-_Hawaii_Island,class_iii,-1,-1;class_iv "class_iv" true true false 2 Short 0 2,First,#,On-site_Sewage_Disposal_Systems_-_Kauai,class_iv,-1,-1,On-site_Sewage_Disposal_Systems_-_Molokai,class_iv,-1,-1,On-site_Sewage_Disposal_Systems_-_Maui,class_iv,-1,-1,On-site_Sewage_Disposal_Systems_-_Hawaii_Island,class_iv,-1,-1;effluent "effluent" true true false 5 Long 0 5,First,#,On-site_Sewage_Disposal_Systems_-_Kauai,effluent,-1,-1,On-site_Sewage_Disposal_Systems_-_Molokai,effluent,-1,-1,On-site_Sewage_Disposal_Systems_-_Maui,effluent,-1,-1,On-site_Sewage_Disposal_Systems_-_Hawaii_Island,effluent,-1,-1;n_flux "n_flux" true true false 24 Double 15 23,First,#,On-site_Sewage_Disposal_Systems_-_Kauai,n_flux,-1,-1,On-site_Sewage_Disposal_Systems_-_Molokai,n_flux,-1,-1,On-site_Sewage_Disposal_Systems_-_Maui,n_flux,-1,-1,On-site_Sewage_Disposal_Systems_-_Hawaii_Island,n_flux,-1,-1;p_flux "p_flux" true true false 24 Double 15 23,First,#,On-site_Sewage_Disposal_Systems_-_Kauai,p_flux,-1,-1,On-site_Sewage_Disposal_Systems_-_Molokai,p_flux,-1,-1,On-site_Sewage_Disposal_Systems_-_Maui,p_flux,-1,-1,On-site_Sewage_Disposal_Systems_-_Hawaii_Island,p_flux,-1,-1;commercial "commercial" true true false 24 Text 0 0,First,#,On-site_Sewage_Disposal_Systems_-_Kauai,commercial,0,23,On-site_Sewage_Disposal_Systems_-_Molokai,commercial,0,15,On-site_Sewage_Disposal_Systems_-_Maui,commercial,0,19,On-site_Sewage_Disposal_Systems_-_Hawaii_Island,commercial,0,21;source "source" true true false 27 Text 0 0,First,#,On-site_Sewage_Disposal_Systems_-_Kauai,source,0,26,On-site_Sewage_Disposal_Systems_-_Molokai,source,0,16,On-site_Sewage_Disposal_Systems_-_Maui,source,0,16,On-site_Sewage_Disposal_Systems_-_Hawaii_Island,source,0,9;no_struct "no_struct" true true false 2 Short 0 2,First,#,On-site_Sewage_Disposal_Systems_-_Kauai,no_struct,-1,-1,On-site_Sewage_Disposal_Systems_-_Molokai,no_struct,-1,-1,On-site_Sewage_Disposal_Systems_-_Maui,no_struct,-1,-1,On-site_Sewage_Disposal_Systems_-_Hawaii_Island,no_struct,-1,-1;ttl_bdrms "ttl_bdrms" true true false 2 Short 0 2,First,#,On-site_Sewage_Disposal_Systems_-_Kauai,ttl_bdrms,-1,-1,On-site_Sewage_Disposal_Systems_-_Molokai,ttl_bdrms,-1,-1,On-site_Sewage_Disposal_Systems_-_Maui,ttl_bdrms,-1,-1,On-site_Sewage_Disposal_Systems_-_Hawaii_Island,ttl_bdrms,-1,-1;no_bath "no_bath" true true false 1 Short 0 1,First,#,On-site_Sewage_Disposal_Systems_-_Kauai,no_bath,-1,-1,On-site_Sewage_Disposal_Systems_-_Molokai,no_bath,-1,-1,On-site_Sewage_Disposal_Systems_-_Maui,no_bath,-1,-1,On-site_Sewage_Disposal_Systems_-_Hawaii_Island,no_bath,-1,-1;prmt_no "prmt_no" true true false 5 Long 0 5,First,#,On-site_Sewage_Disposal_Systems_-_Kauai,prmt_no,-1,-1,On-site_Sewage_Disposal_Systems_-_Molokai,prmt_no,-1,-1,On-site_Sewage_Disposal_Systems_-_Maui,prmt_no,-1,-1,On-site_Sewage_Disposal_Systems_-_Hawaii_Island,prmt_no,-1,-1;prmt_id "prmt_id" true true false 5 Long 0 5,First,#,On-site_Sewage_Disposal_Systems_-_Kauai,prmt_id,-1,-1,On-site_Sewage_Disposal_Systems_-_Molokai,prmt_id,-1,-1,On-site_Sewage_Disposal_Systems_-_Maui,prmt_id,-1,-1,On-site_Sewage_Disposal_Systems_-_Hawaii_Island,prmt_id,-1,-1;uic_no "uic_no" true true false 7 Text 0 0,First,#,On-site_Sewage_Disposal_Systems_-_Kauai,uic_no,0,6,On-site_Sewage_Disposal_Systems_-_Molokai,uic_no,0,6,On-site_Sewage_Disposal_Systems_-_Maui,uic_no,-1,-1,On-site_Sewage_Disposal_Systems_-_Hawaii_Island,uic_no,0,6;inject "inject" true true false 3 Text 0 0,First,#,On-site_Sewage_Disposal_Systems_-_Kauai,inject,0,254,On-site_Sewage_Disposal_Systems_-_Molokai,inject,0,2,On-site_Sewage_Disposal_Systems_-_Maui,inject,-1,-1,On-site_Sewage_Disposal_Systems_-_Hawaii_Island,inject,0,2;wwtp "wwtp" true true false 68 Text 0 0,First,#,On-site_Sewage_Disposal_Systems_-_Kauai,wwtp,0,23,On-site_Sewage_Disposal_Systems_-_Molokai,wwtp,0,23,On-site_Sewage_Disposal_Systems_-_Maui,wwtp,-1,-1,On-site_Sewage_Disposal_Systems_-_Hawaii_Island,wwtp,0,67;class "class" true true false 5 Long 0 5,First,#,On-site_Sewage_Disposal_Systems_-_Kauai,class,-1,-1,On-site_Sewage_Disposal_Systems_-_Molokai,class,-1,-1,On-site_Sewage_Disposal_Systems_-_Maui,class,-1,-1,On-site_Sewage_Disposal_Systems_-_Hawaii_Island,class,-1,-1;type "type" true true false 12 Text 0 0,First,#,On-site_Sewage_Disposal_Systems_-_Kauai,type,0,3,On-site_Sewage_Disposal_Systems_-_Oahu,type,0,7,On-site_Sewage_Disposal_Systems_-_Molokai,type,0,3,On-site_Sewage_Disposal_Systems_-_Maui,type,-1,-1,On-site_Sewage_Disposal_Systems_-_Hawaii_Island,type,0,11;ownr_typ "ownr_typ" true true false 7 Text 0 0,First,#,On-site_Sewage_Disposal_Systems_-_Kauai,ownr_typ,0,6,On-site_Sewage_Disposal_Systems_-_Molokai,ownr_typ,0,6,On-site_Sewage_Disposal_Systems_-_Maui,ownr_typ,-1,-1,On-site_Sewage_Disposal_Systems_-_Hawaii_Island,ownr_typ,0,6;wwtp_ownr "wwtp_ownr" true true false 64 Text 0 0,First,#,On-site_Sewage_Disposal_Systems_-_Kauai,wwtp_ownr,0,254,On-site_Sewage_Disposal_Systems_-_Molokai,wwtp_ownr,0,25,On-site_Sewage_Disposal_Systems_-_Maui,wwtp_ownr,-1,-1,On-site_Sewage_Disposal_Systems_-_Hawaii_Island,wwtp_ownr,0,63;contact "contact" true true false 22 Text 0 0,First,#,On-site_Sewage_Disposal_Systems_-_Kauai,contact,0,21,On-site_Sewage_Disposal_Systems_-_Molokai,contact,0,14,On-site_Sewage_Disposal_Systems_-_Maui,contact,-1,-1,On-site_Sewage_Disposal_Systems_-_Hawaii_Island,contact,0,20;eng "eng" true true false 16 Text 0 0,First,#,On-site_Sewage_Disposal_Systems_-_Kauai,eng,0,14,On-site_Sewage_Disposal_Systems_-_Molokai,eng,0,14,On-site_Sewage_Disposal_Systems_-_Maui,eng,-1,-1,On-site_Sewage_Disposal_Systems_-_Hawaii_Island,eng,0,15;op_drc "op_drc" true true false 7 Text 0 0,First,#,On-site_Sewage_Disposal_Systems_-_Kauai,op_drc,0,6,On-site_Sewage_Disposal_Systems_-_Molokai,op_drc,0,6,On-site_Sewage_Disposal_Systems_-_Maui,op_drc,-1,-1,On-site_Sewage_Disposal_Systems_-_Hawaii_Island,op_drc,0,6;comments "comments" true true false 54 Text 0 0,First,#,On-site_Sewage_Disposal_Systems_-_Kauai,comments,0,254,On-site_Sewage_Disposal_Systems_-_Molokai,comments,0,41,On-site_Sewage_Disposal_Systems_-_Maui,comments,-1,-1,On-site_Sewage_Disposal_Systems_-_Hawaii_Island,comments,0,53;fid_1 "fid_1" true true false 5 Long 0 5,First,#,On-site_Sewage_Disposal_Systems_-_Oahu,fid_1,-1,-1;acres "acres" true true false 24 Double 15 23,First,#,On-site_Sewage_Disposal_Systems_-_Oahu,acres,-1,-1;tmk8_num "tmk8_num" true true false 8 Long 0 8,First,#,On-site_Sewage_Disposal_Systems_-_Oahu,tmk8_num,-1,-1;tmk8_alph "tmk8_alph" true true false 8 Text 0 0,First,#,On-site_Sewage_Disposal_Systems_-_Oahu,tmk8_alph,0,7;tmk_9 "tmk_9" true true false 9 Long 0 9,First,#,On-site_Sewage_Disposal_Systems_-_Oahu,tmk_9,-1,-1;osds_class "osds_class" true true false 9 Text 0 0,First,#,On-site_Sewage_Disposal_Systems_-_Oahu,osds_class,0,8;x "x" true true false 6 Long 0 6,First,#,On-site_Sewage_Disposal_Systems_-_Oahu,x,-1,-1;y "y" true true false 7 Long 0 7,First,#,On-site_Sewage_Disposal_Systems_-_Oahu,y,-1,-1;soil_qty "soil_qty" true true false 1 Short 0 1,First,#,On-site_Sewage_Disposal_Systems_-_Oahu,soil_qty,-1,-1;soil_n "soil_n" true true false 1 Short 0 1,First,#,On-site_Sewage_Disposal_Systems_-_Oahu,soil_n,-1,-1;soil_p "soil_p" true true false 1 Short 0 1,First,#,On-site_Sewage_Disposal_Systems_-_Oahu,soil_p,-1,-1;soil_fc "soil_fc" true true false 2 Short 0 2,First,#,On-site_Sewage_Disposal_Systems_-_Oahu,soil_fc,-1,-1;soil_eff "soil_eff" true true false 4 Short 0 4,First,#,On-site_Sewage_Disposal_Systems_-_Oahu,soil_eff,-1,-1;soil_nflx "soil_nflx" true true false 24 Double 15 23,First,#,On-site_Sewage_Disposal_Systems_-_Oahu,soil_nflx,-1,-1;soil_pflx "soil_pflx" true true false 24 Double 15 23,First,#,On-site_Sewage_Disposal_Systems_-_Oahu,soil_pflx,-1,-1;st_qty_1 "st_qty_1" true true false 2 Text 0 0,First,#,On-site_Sewage_Disposal_Systems_-_Oahu,st_qty_1,0,1;st_n_1 "st_n_1" true true false 2 Text 0 0,First,#,On-site_Sewage_Disposal_Systems_-_Oahu,st_n_1,0,1;st_p_1 "st_p_1" true true false 2 Text 0 0,First,#,On-site_Sewage_Disposal_Systems_-_Oahu,st_p_1,0,1;st_fc_1 "st_fc_1" true true false 7 Text 0 0,First,#,On-site_Sewage_Disposal_Systems_-_Oahu,st_fc_1,0,6;st_eff_1 "st_eff_1" true true false 5 Text 0 0,First,#,On-site_Sewage_Disposal_Systems_-_Oahu,st_eff_1,0,4;st_nflx_1 "st_nflx_1" true true false 8 Text 0 0,First,#,On-site_Sewage_Disposal_Systems_-_Oahu,st_nflx_1,0,7;st_pflx_1 "st_pflx_1" true true false 8 Text 0 0,First,#,On-site_Sewage_Disposal_Systems_-_Oahu,st_pflx_1,0,7;au_qty "au_qty" true true false 2 Text 0 0,First,#,On-site_Sewage_Disposal_Systems_-_Oahu,au_qty,0,1;au_n "au_n" true true false 2 Text 0 0,First,#,On-site_Sewage_Disposal_Systems_-_Oahu,au_n,0,1;au_p "au_p" true true false 1 Text 0 0,First,#,On-site_Sewage_Disposal_Systems_-_Oahu,au_p,0,254;au_fc "au_fc" true true false 8 Text 0 0,First,#,On-site_Sewage_Disposal_Systems_-_Oahu,au_fc,0,7;au_eff "au_eff" true true false 5 Text 0 0,First,#,On-site_Sewage_Disposal_Systems_-_Oahu,au_eff,0,4;au_nflx "au_nflx" true true false 8 Text 0 0,First,#,On-site_Sewage_Disposal_Systems_-_Oahu,au_nflx,0,7;au_pflx "au_pflx" true true false 8 Text 0 0,First,#,On-site_Sewage_Disposal_Systems_-_Oahu,au_pflx,0,7;cp_qty "cp_qty" true true false 1 Text 0 0,First,#,On-site_Sewage_Disposal_Systems_-_Oahu,cp_qty,0,254;cp_n "cp_n" true true false 2 Text 0 0,First,#,On-site_Sewage_Disposal_Systems_-_Oahu,cp_n,0,1;cp_p "cp_p" true true false 2 Text 0 0,First,#,On-site_Sewage_Disposal_Systems_-_Oahu,cp_p,0,1;cp_fc "cp_fc" true true false 7 Text 0 0,First,#,On-site_Sewage_Disposal_Systems_-_Oahu,cp_fc,0,6;cp_eff "cp_eff" true true false 4 Text 0 0,First,#,On-site_Sewage_Disposal_Systems_-_Oahu,cp_eff,0,3;cp_nflx "cp_nflx" true true false 8 Text 0 0,First,#,On-site_Sewage_Disposal_Systems_-_Oahu,cp_nflx,0,7;cp_pflx "cp_pflx" true true false 8 Text 0 0,First,#,On-site_Sewage_Disposal_Systems_-_Oahu,cp_pflx,0,7;ttl_osds "ttl_osds" true true false 2 Short 0 2,First,#,On-site_Sewage_Disposal_Systems_-_Oahu,ttl_osds,-1,-1;ttl_eff "ttl_eff" true true false 5 Long 0 5,First,#,On-site_Sewage_Disposal_Systems_-_Oahu,ttl_eff,-1,-1;ttl_n "ttl_n" true true false 24 Double 15 23,First,#,On-site_Sewage_Disposal_Systems_-_Oahu,ttl_n,-1,-1;ttl_p "ttl_p" true true false 24 Double 15 23,First,#,On-site_Sewage_Disposal_Systems_-_Oahu,ttl_p,-1,-1;rsk_score "rsk_score" true true false 1 Short 0 1,First,#,On-site_Sewage_Disposal_Systems_-_Oahu,rsk_score,-1,-1;towns "towns" true true false 30 Text 0 0,First,#,On-site_Sewage_Disposal_Systems_-_Oahu,towns,0,29" ADD_SOURCE_INFO MANUAL_EDIT</Process><Process ToolSource="c:\program files\arcgis\pro\Resources\ArcToolbox\toolboxes\Conversion Tools.tbx\ExportFeatures" Date="20250527" Time="173157">ExportFeatures HI_Onsite_Sewage_Disposal C:\GITHUB\CCSVI\Scripts\Spatial_Analysis\input\infrastructure\onesite_sewage_disposal.shp # NOT_USE_ALIAS "objectid "objectid" true true false 4 Long 0 0,First,#,HI_Onsite_Sewage_Disposal,objectid,-1,-1;island "island" true true false 7 Text 0 0,First,#,HI_Onsite_Sewage_Disposal,island,0,6;tmk "tmk" true true false 4 Long 0 0,First,#,HI_Onsite_Sewage_Disposal,tmk,-1,-1;bldgval "bldgval" true true false 4 Long 0 0,First,#,HI_Onsite_Sewage_Disposal,bldgval,-1,-1;bldexem "bldexem" true true false 4 Long 0 0,First,#,HI_Onsite_Sewage_Disposal,bldexem,-1,-1;pittcode "pittcode" true true false 2 Short 0 0,First,#,HI_Onsite_Sewage_Disposal,pittcode,-1,-1;homeownr "homeownr" true true false 1 Text 0 0,First,#,HI_Onsite_Sewage_Disposal,homeownr,0,0;gisacres "gisacres" true true false 8 Double 0 0,First,#,HI_Onsite_Sewage_Disposal,gisacres,-1,-1;osds_qty "osds_qty" true true false 2 Short 0 0,First,#,HI_Onsite_Sewage_Disposal,osds_qty,-1,-1;class_i "class_i" true true false 2 Short 0 0,First,#,HI_Onsite_Sewage_Disposal,class_i,-1,-1;class_ii "class_ii" true true false 2 Short 0 0,First,#,HI_Onsite_Sewage_Disposal,class_ii,-1,-1;class_iii "class_iii" true true false 2 Short 0 0,First,#,HI_Onsite_Sewage_Disposal,class_iii,-1,-1;class_iv "class_iv" true true false 2 Short 0 0,First,#,HI_Onsite_Sewage_Disposal,class_iv,-1,-1;effluent "effluent" true true false 4 Long 0 0,First,#,HI_Onsite_Sewage_Disposal,effluent,-1,-1;n_flux "n_flux" true true false 8 Double 0 0,First,#,HI_Onsite_Sewage_Disposal,n_flux,-1,-1;p_flux "p_flux" true true false 8 Double 0 0,First,#,HI_Onsite_Sewage_Disposal,p_flux,-1,-1;commercial "commercial" true true false 24 Text 0 0,First,#,HI_Onsite_Sewage_Disposal,commercial,0,23;source "source" true true false 27 Text 0 0,First,#,HI_Onsite_Sewage_Disposal,source,0,26;no_struct "no_struct" true true false 2 Short 0 0,First,#,HI_Onsite_Sewage_Disposal,no_struct,-1,-1;ttl_bdrms "ttl_bdrms" true true false 2 Short 0 0,First,#,HI_Onsite_Sewage_Disposal,ttl_bdrms,-1,-1;no_bath "no_bath" true true false 2 Short 0 0,First,#,HI_Onsite_Sewage_Disposal,no_bath,-1,-1;prmt_no "prmt_no" true true false 4 Long 0 0,First,#,HI_Onsite_Sewage_Disposal,prmt_no,-1,-1;prmt_id "prmt_id" true true false 4 Long 0 0,First,#,HI_Onsite_Sewage_Disposal,prmt_id,-1,-1;uic_no "uic_no" true true false 7 Text 0 0,First,#,HI_Onsite_Sewage_Disposal,uic_no,0,6;inject "inject" true true false 3 Text 0 0,First,#,HI_Onsite_Sewage_Disposal,inject,0,2;wwtp "wwtp" true true false 68 Text 0 0,First,#,HI_Onsite_Sewage_Disposal,wwtp,0,67;class "class" true true false 4 Long 0 0,First,#,HI_Onsite_Sewage_Disposal,class,-1,-1;type "type" true true false 12 Text 0 0,First,#,HI_Onsite_Sewage_Disposal,type,0,11;ownr_typ "ownr_typ" true true false 7 Text 0 0,First,#,HI_Onsite_Sewage_Disposal,ownr_typ,0,6;wwtp_ownr "wwtp_ownr" true true false 64 Text 0 0,First,#,HI_Onsite_Sewage_Disposal,wwtp_ownr,0,63;contact "contact" true true false 22 Text 0 0,First,#,HI_Onsite_Sewage_Disposal,contact,0,21;eng "eng" true true false 16 Text 0 0,First,#,HI_Onsite_Sewage_Disposal,eng,0,15;op_drc "op_drc" true true false 7 Text 0 0,First,#,HI_Onsite_Sewage_Disposal,op_drc,0,6;comments "comments" true true false 54 Text 0 0,First,#,HI_Onsite_Sewage_Disposal,comments,0,53;fid_1 "fid_1" true true false 4 Long 0 0,First,#,HI_Onsite_Sewage_Disposal,fid_1,-1,-1;acres "acres" true true false 8 Double 0 0,First,#,HI_Onsite_Sewage_Disposal,acres,-1,-1;tmk8_num "tmk8_num" true true false 4 Long 0 0,First,#,HI_Onsite_Sewage_Disposal,tmk8_num,-1,-1;tmk8_alph "tmk8_alph" true true false 8 Text 0 0,First,#,HI_Onsite_Sewage_Disposal,tmk8_alph,0,7;tmk_9 "tmk_9" true true false 4 Long 0 0,First,#,HI_Onsite_Sewage_Disposal,tmk_9,-1,-1;osds_class "osds_class" true true false 9 Text 0 0,First,#,HI_Onsite_Sewage_Disposal,osds_class,0,8;x "x" true true false 4 Long 0 0,First,#,HI_Onsite_Sewage_Disposal,x,-1,-1;y "y" true true false 4 Long 0 0,First,#,HI_Onsite_Sewage_Disposal,y,-1,-1;soil_qty "soil_qty" true true false 2 Short 0 0,First,#,HI_Onsite_Sewage_Disposal,soil_qty,-1,-1;soil_n "soil_n" true true false 2 Short 0 0,First,#,HI_Onsite_Sewage_Disposal,soil_n,-1,-1;soil_p "soil_p" true true false 2 Short 0 0,First,#,HI_Onsite_Sewage_Disposal,soil_p,-1,-1;soil_fc "soil_fc" true true false 2 Short 0 0,First,#,HI_Onsite_Sewage_Disposal,soil_fc,-1,-1;soil_eff "soil_eff" true true false 2 Short 0 0,First,#,HI_Onsite_Sewage_Disposal,soil_eff,-1,-1;soil_nflx "soil_nflx" true true false 8 Double 0 0,First,#,HI_Onsite_Sewage_Disposal,soil_nflx,-1,-1;soil_pflx "soil_pflx" true true false 8 Double 0 0,First,#,HI_Onsite_Sewage_Disposal,soil_pflx,-1,-1;st_qty_1 "st_qty_1" true true false 2 Text 0 0,First,#,HI_Onsite_Sewage_Disposal,st_qty_1,0,1;st_n_1 "st_n_1" true true false 2 Text 0 0,First,#,HI_Onsite_Sewage_Disposal,st_n_1,0,1;st_p_1 "st_p_1" true true false 2 Text 0 0,First,#,HI_Onsite_Sewage_Disposal,st_p_1,0,1;st_fc_1 "st_fc_1" true true false 7 Text 0 0,First,#,HI_Onsite_Sewage_Disposal,st_fc_1,0,6;st_eff_1 "st_eff_1" true true false 5 Text 0 0,First,#,HI_Onsite_Sewage_Disposal,st_eff_1,0,4;st_nflx_1 "st_nflx_1" true true false 8 Text 0 0,First,#,HI_Onsite_Sewage_Disposal,st_nflx_1,0,7;st_pflx_1 "st_pflx_1" true true false 8 Text 0 0,First,#,HI_Onsite_Sewage_Disposal,st_pflx_1,0,7;au_qty "au_qty" true true false 2 Text 0 0,First,#,HI_Onsite_Sewage_Disposal,au_qty,0,1;au_n "au_n" true true false 2 Text 0 0,First,#,HI_Onsite_Sewage_Disposal,au_n,0,1;au_p "au_p" true true false 1 Text 0 0,First,#,HI_Onsite_Sewage_Disposal,au_p,0,0;au_fc "au_fc" true true false 8 Text 0 0,First,#,HI_Onsite_Sewage_Disposal,au_fc,0,7;au_eff "au_eff" true true false 5 Text 0 0,First,#,HI_Onsite_Sewage_Disposal,au_eff,0,4;au_nflx "au_nflx" true true false 8 Text 0 0,First,#,HI_Onsite_Sewage_Disposal,au_nflx,0,7;au_pflx "au_pflx" true true false 8 Text 0 0,First,#,HI_Onsite_Sewage_Disposal,au_pflx,0,7;cp_qty "cp_qty" true true false 1 Text 0 0,First,#,HI_Onsite_Sewage_Disposal,cp_qty,0,0;cp_n "cp_n" true true false 2 Text 0 0,First,#,HI_Onsite_Sewage_Disposal,cp_n,0,1;cp_p "cp_p" true true false 2 Text 0 0,First,#,HI_Onsite_Sewage_Disposal,cp_p,0,1;cp_fc "cp_fc" true true false 7 Text 0 0,First,#,HI_Onsite_Sewage_Disposal,cp_fc,0,6;cp_eff "cp_eff" true true false 4 Text 0 0,First,#,HI_Onsite_Sewage_Disposal,cp_eff,0,3;cp_nflx "cp_nflx" true true false 8 Text 0 0,First,#,HI_Onsite_Sewage_Disposal,cp_nflx,0,7;cp_pflx "cp_pflx" true true false 8 Text 0 0,First,#,HI_Onsite_Sewage_Disposal,cp_pflx,0,7;ttl_osds "ttl_osds" true true false 2 Short 0 0,First,#,HI_Onsite_Sewage_Disposal,ttl_osds,-1,-1;ttl_eff "ttl_eff" true true false 4 Long 0 0,First,#,HI_Onsite_Sewage_Disposal,ttl_eff,-1,-1;ttl_n "ttl_n" true true false 8 Double 0 0,First,#,HI_Onsite_Sewage_Disposal,ttl_n,-1,-1;ttl_p "ttl_p" true true false 8 Double 0 0,First,#,HI_Onsite_Sewage_Disposal,ttl_p,-1,-1;rsk_score "rsk_score" true true false 2 Short 0 0,First,#,HI_Onsite_Sewage_Disposal,rsk_score,-1,-1;towns "towns" true true false 30 Text 0 0,First,#,HI_Onsite_Sewage_Disposal,towns,0,29;MERGE_SRC "MERGE_SRC" true true false 255 Text 0 0,First,#,HI_Onsite_Sewage_Disposal,MERGE_SRC,0,254" #</Process></lineage></DataProperties><SyncDate>20250527</SyncDate><SyncTime>17314300</SyncTime><ModDate>20250527</ModDate><ModTime>17314300</ModTime></Esri><dataIdInfo><envirDesc Sync="TRUE">Microsoft Windows 10 Version 10.0 (Build 26100) ; Esri ArcGIS 13.4.0.55405</envirDesc><dataLang><languageCode value="eng" Sync="TRUE"></languageCode><countryCode value="USA" Sync="TRUE"></countryCode></dataLang><idCitation><resTitle Sync="TRUE">onesite_sewage_disposal</resTitle><presForm><PresFormCd value="005" Sync="TRUE"></PresFormCd></presForm></idCitation><spatRpType><SpatRepTypCd value="001" Sync="TRUE"></SpatRepTypCd></spatRpType></dataIdInfo><mdLang><languageCode value="eng" Sync="TRUE"></languageCode><countryCode value="USA" Sync="TRUE"></countryCode></mdLang><distInfo><distFormat><formatName Sync="TRUE">Shapefile</formatName></distFormat><distTranOps><transSize Sync="TRUE">0.000</transSize></distTranOps></distInfo><mdHrLv><ScopeCd value="005" Sync="TRUE"></ScopeCd></mdHrLv><mdHrLvName Sync="TRUE">dataset</mdHrLvName><refSysInfo><RefSystem><refSysID><identCode code="3857" Sync="TRUE"></identCode><idCodeSpace Sync="TRUE">EPSG</idCodeSpace><idVersion Sync="TRUE">6.18.3(9.3.1.2)</idVersion></refSysID></RefSystem></refSysInfo><spatRepInfo><VectSpatRep><geometObjs Name="onesite_sewage_disposal"><geoObjTyp><GeoObjTypCd value="004" Sync="TRUE"></GeoObjTypCd></geoObjTyp><geoObjCnt Sync="TRUE">0</geoObjCnt></geometObjs><topLvl><TopoLevCd value="001" Sync="TRUE"></TopoLevCd></topLvl></VectSpatRep></spatRepInfo><spdoinfo><ptvctinf><esriterm Name="onesite_sewage_disposal"><efeatyp Sync="TRUE">Simple</efeatyp><efeageom code="1" Sync="TRUE"></efeageom><esritopo Sync="TRUE">FALSE</esritopo><efeacnt Sync="TRUE">0</efeacnt><spindex Sync="TRUE">FALSE</spindex><linrefer Sync="TRUE">FALSE</linrefer></esriterm></ptvctinf></spdoinfo><eainfo><detailed Name="onesite_sewage_disposal"><enttyp><enttypl Sync="TRUE">onesite_sewage_disposal</enttypl><enttypt Sync="TRUE">Feature Class</enttypt><enttypc Sync="TRUE">0</enttypc></enttyp><attr><attrlabl Sync="TRUE">FID</attrlabl><attalias Sync="TRUE">FID</attalias><attrtype Sync="TRUE">OID</attrtype><attwidth Sync="TRUE">4</attwidth><atprecis Sync="TRUE">0</atprecis><attscale Sync="TRUE">0</attscale><attrdef Sync="TRUE">Internal feature number.</attrdef><attrdefs Sync="TRUE">Esri</attrdefs><attrdomv><udom Sync="TRUE">Sequential unique whole numbers that are automatically generated.</udom></attrdomv></attr><attr><attrlabl Sync="TRUE">OBJECTID_1</attrlabl><attalias Sync="TRUE">objectid_1</attalias><attrtype Sync="TRUE">Integer</attrtype><attwidth Sync="TRUE">10</attwidth><atprecis Sync="TRUE">10</atprecis><attscale Sync="TRUE">0</attscale><attrdef Sync="TRUE">Internal feature number.</attrdef><attrdefs Sync="TRUE">Esri</attrdefs><attrdomv><udom Sync="TRUE">Sequential unique whole numbers that are automatically generated.</udom></attrdomv></attr><attr><attrlabl Sync="TRUE">Shape</attrlabl><attalias Sync="TRUE">Shape</attalias><attrtype Sync="TRUE">Geometry</attrtype><attwidth Sync="TRUE">0</attwidth><atprecis Sync="TRUE">0</atprecis><attscale Sync="TRUE">0</attscale><attrdef Sync="TRUE">Feature geometry.</attrdef><attrdefs Sync="TRUE">Esri</attrdefs><attrdomv><udom Sync="TRUE">Coordinates defining the features.</udom></attrdomv></attr><attr><attrlabl Sync="TRUE">island</attrlabl><attalias Sync="TRUE">island</attalias><attrtype Sync="TRUE">String</attrtype><attwidth Sync="TRUE">7</attwidth><atprecis Sync="TRUE">0</atprecis><attscale Sync="TRUE">0</attscale></attr><attr><attrlabl Sync="TRUE">tmk</attrlabl><attalias Sync="TRUE">tmk</attalias><attrtype Sync="TRUE">Integer</attrtype><attwidth Sync="TRUE">10</attwidth><atprecis Sync="TRUE">10</atprecis><attscale Sync="TRUE">0</attscale></attr><attr><attrlabl Sync="TRUE">bldgval</attrlabl><attalias Sync="TRUE">bldgval</attalias><attrtype Sync="TRUE">Integer</attrtype><attwidth Sync="TRUE">10</attwidth><atprecis Sync="TRUE">10</atprecis><attscale Sync="TRUE">0</attscale></attr><attr><attrlabl Sync="TRUE">bldexem</attrlabl><attalias Sync="TRUE">bldexem</attalias><attrtype Sync="TRUE">Integer</attrtype><attwidth Sync="TRUE">10</attwidth><atprecis Sync="TRUE">10</atprecis><attscale Sync="TRUE">0</attscale></attr><attr><attrlabl Sync="TRUE">pittcode</attrlabl><attalias Sync="TRUE">pittcode</attalias><attrtype Sync="TRUE">Integer</attrtype><attwidth Sync="TRUE">5</attwidth><atprecis Sync="TRUE">5</atprecis><attscale Sync="TRUE">0</attscale></attr><attr><attrlabl Sync="TRUE">homeownr</attrlabl><attalias Sync="TRUE">homeownr</attalias><attrtype Sync="TRUE">String</attrtype><attwidth Sync="TRUE">1</attwidth><atprecis Sync="TRUE">0</atprecis><attscale Sync="TRUE">0</attscale></attr><attr><attrlabl Sync="TRUE">gisacres</attrlabl><attalias Sync="TRUE">gisacres</attalias><attrtype Sync="TRUE">Double</attrtype><attwidth Sync="TRUE">19</attwidth><atprecis Sync="TRUE">0</atprecis><attscale Sync="TRUE">0</attscale></attr><attr><attrlabl Sync="TRUE">osds_qty</attrlabl><attalias Sync="TRUE">osds_qty</attalias><attrtype Sync="TRUE">Integer</attrtype><attwidth Sync="TRUE">5</attwidth><atprecis Sync="TRUE">5</atprecis><attscale Sync="TRUE">0</attscale></attr><attr><attrlabl Sync="TRUE">class_i</attrlabl><attalias Sync="TRUE">class_i</attalias><attrtype Sync="TRUE">Integer</attrtype><attwidth Sync="TRUE">5</attwidth><atprecis Sync="TRUE">5</atprecis><attscale Sync="TRUE">0</attscale></attr><attr><attrlabl Sync="TRUE">class_ii</attrlabl><attalias Sync="TRUE">class_ii</attalias><attrtype Sync="TRUE">Integer</attrtype><attwidth Sync="TRUE">5</attwidth><atprecis Sync="TRUE">5</atprecis><attscale Sync="TRUE">0</attscale></attr><attr><attrlabl Sync="TRUE">class_iii</attrlabl><attalias Sync="TRUE">class_iii</attalias><attrtype Sync="TRUE">Integer</attrtype><attwidth Sync="TRUE">5</attwidth><atprecis Sync="TRUE">5</atprecis><attscale Sync="TRUE">0</attscale></attr><attr><attrlabl Sync="TRUE">class_iv</attrlabl><attalias Sync="TRUE">class_iv</attalias><attrtype Sync="TRUE">Integer</attrtype><attwidth Sync="TRUE">5</attwidth><atprecis Sync="TRUE">5</atprecis><attscale Sync="TRUE">0</attscale></attr><attr><attrlabl Sync="TRUE">effluent</attrlabl><attalias Sync="TRUE">effluent</attalias><attrtype Sync="TRUE">Integer</attrtype><attwidth Sync="TRUE">10</attwidth><atprecis Sync="TRUE">10</atprecis><attscale Sync="TRUE">0</attscale></attr><attr><attrlabl Sync="TRUE">n_flux</attrlabl><attalias Sync="TRUE">n_flux</attalias><attrtype Sync="TRUE">Double</attrtype><attwidth Sync="TRUE">19</attwidth><atprecis Sync="TRUE">0</atprecis><attscale Sync="TRUE">0</attscale></attr><attr><attrlabl Sync="TRUE">p_flux</attrlabl><attalias Sync="TRUE">p_flux</attalias><attrtype Sync="TRUE">Double</attrtype><attwidth Sync="TRUE">19</attwidth><atprecis Sync="TRUE">0</atprecis><attscale Sync="TRUE">0</attscale></attr><attr><attrlabl Sync="TRUE">commercial</attrlabl><attalias Sync="TRUE">commercial</attalias><attrtype Sync="TRUE">String</attrtype><attwidth Sync="TRUE">24</attwidth><atprecis Sync="TRUE">0</atprecis><attscale Sync="TRUE">0</attscale></attr><attr><attrlabl Sync="TRUE">source</attrlabl><attalias Sync="TRUE">source</attalias><attrtype Sync="TRUE">String</attrtype><attwidth Sync="TRUE">27</attwidth><atprecis Sync="TRUE">0</atprecis><attscale Sync="TRUE">0</attscale></attr><attr><attrlabl Sync="TRUE">no_struct</attrlabl><attalias Sync="TRUE">no_struct</attalias><attrtype Sync="TRUE">Integer</attrtype><attwidth Sync="TRUE">5</attwidth><atprecis Sync="TRUE">5</atprecis><attscale Sync="TRUE">0</attscale></attr><attr><attrlabl Sync="TRUE">ttl_bdrms</attrlabl><attalias Sync="TRUE">ttl_bdrms</attalias><attrtype Sync="TRUE">Integer</attrtype><attwidth Sync="TRUE">5</attwidth><atprecis Sync="TRUE">5</atprecis><attscale Sync="TRUE">0</attscale></attr><attr><attrlabl Sync="TRUE">no_bath</attrlabl><attalias Sync="TRUE">no_bath</attalias><attrtype Sync="TRUE">Integer</attrtype><attwidth Sync="TRUE">5</attwidth><atprecis Sync="TRUE">5</atprecis><attscale Sync="TRUE">0</attscale></attr><attr><attrlabl Sync="TRUE">prmt_no</attrlabl><attalias Sync="TRUE">prmt_no</attalias><attrtype Sync="TRUE">Integer</attrtype><attwidth Sync="TRUE">10</attwidth><atprecis Sync="TRUE">10</atprecis><attscale Sync="TRUE">0</attscale></attr><attr><attrlabl Sync="TRUE">prmt_id</attrlabl><attalias Sync="TRUE">prmt_id</attalias><attrtype Sync="TRUE">Integer</attrtype><attwidth Sync="TRUE">10</attwidth><atprecis Sync="TRUE">10</atprecis><attscale Sync="TRUE">0</attscale></attr><attr><attrlabl Sync="TRUE">uic_no</attrlabl><attalias Sync="TRUE">uic_no</attalias><attrtype Sync="TRUE">String</attrtype><attwidth Sync="TRUE">7</attwidth><atprecis Sync="TRUE">0</atprecis><attscale Sync="TRUE">0</attscale></attr><attr><attrlabl Sync="TRUE">inject</attrlabl><attalias Sync="TRUE">inject</attalias><attrtype Sync="TRUE">String</attrtype><attwidth Sync="TRUE">3</attwidth><atprecis Sync="TRUE">0</atprecis><attscale Sync="TRUE">0</attscale></attr><attr><attrlabl Sync="TRUE">wwtp</attrlabl><attalias Sync="TRUE">wwtp</attalias><attrtype Sync="TRUE">String</attrtype><attwidth Sync="TRUE">68</attwidth><atprecis Sync="TRUE">0</atprecis><attscale Sync="TRUE">0</attscale></attr><attr><attrlabl Sync="TRUE">class</attrlabl><attalias Sync="TRUE">class</attalias><attrtype Sync="TRUE">Integer</attrtype><attwidth Sync="TRUE">10</attwidth><atprecis Sync="TRUE">10</atprecis><attscale Sync="TRUE">0</attscale></attr><attr><attrlabl Sync="TRUE">type</attrlabl><attalias Sync="TRUE">type</attalias><attrtype Sync="TRUE">String</attrtype><attwidth Sync="TRUE">12</attwidth><atprecis Sync="TRUE">0</atprecis><attscale Sync="TRUE">0</attscale></attr><attr><attrlabl Sync="TRUE">ownr_typ</attrlabl><attalias Sync="TRUE">ownr_typ</attalias><attrtype Sync="TRUE">String</attrtype><attwidth Sync="TRUE">7</attwidth><atprecis Sync="TRUE">0</atprecis><attscale Sync="TRUE">0</attscale></attr><attr><attrlabl Sync="TRUE">wwtp_ownr</attrlabl><attalias Sync="TRUE">wwtp_ownr</attalias><attrtype Sync="TRUE">String</attrtype><attwidth Sync="TRUE">64</attwidth><atprecis Sync="TRUE">0</atprecis><attscale Sync="TRUE">0</attscale></attr><attr><attrlabl Sync="TRUE">contact</attrlabl><attalias Sync="TRUE">contact</attalias><attrtype Sync="TRUE">String</attrtype><attwidth Sync="TRUE">22</attwidth><atprecis Sync="TRUE">0</atprecis><attscale Sync="TRUE">0</attscale></attr><attr><attrlabl Sync="TRUE">eng</attrlabl><attalias Sync="TRUE">eng</attalias><attrtype Sync="TRUE">String</attrtype><attwidth Sync="TRUE">16</attwidth><atprecis Sync="TRUE">0</atprecis><attscale Sync="TRUE">0</attscale></attr><attr><attrlabl Sync="TRUE">op_drc</attrlabl><attalias Sync="TRUE">op_drc</attalias><attrtype Sync="TRUE">String</attrtype><attwidth Sync="TRUE">7</attwidth><atprecis Sync="TRUE">0</atprecis><attscale Sync="TRUE">0</attscale></attr><attr><attrlabl Sync="TRUE">comments</attrlabl><attalias Sync="TRUE">comments</attalias><attrtype Sync="TRUE">String</attrtype><attwidth Sync="TRUE">54</attwidth><atprecis Sync="TRUE">0</atprecis><attscale Sync="TRUE">0</attscale></attr><attr><attrlabl Sync="TRUE">fid_1</attrlabl><attalias Sync="TRUE">fid_1</attalias><attrtype Sync="TRUE">Integer</attrtype><attwidth Sync="TRUE">10</attwidth><atprecis Sync="TRUE">10</atprecis><attscale Sync="TRUE">0</attscale></attr><attr><attrlabl Sync="TRUE">acres</attrlabl><attalias Sync="TRUE">acres</attalias><attrtype Sync="TRUE">Double</attrtype><attwidth Sync="TRUE">19</attwidth><atprecis Sync="TRUE">0</atprecis><attscale Sync="TRUE">0</attscale></attr><attr><attrlabl Sync="TRUE">tmk8_num</attrlabl><attalias Sync="TRUE">tmk8_num</attalias><attrtype Sync="TRUE">Integer</attrtype><attwidth Sync="TRUE">10</attwidth><atprecis Sync="TRUE">10</atprecis><attscale Sync="TRUE">0</attscale></attr><attr><attrlabl Sync="TRUE">tmk8_alph</attrlabl><attalias Sync="TRUE">tmk8_alph</attalias><attrtype Sync="TRUE">String</attrtype><attwidth Sync="TRUE">8</attwidth><atprecis Sync="TRUE">0</atprecis><attscale Sync="TRUE">0</attscale></attr><attr><attrlabl Sync="TRUE">tmk_9</attrlabl><attalias Sync="TRUE">tmk_9</attalias><attrtype Sync="TRUE">Integer</attrtype><attwidth Sync="TRUE">10</attwidth><atprecis Sync="TRUE">10</atprecis><attscale Sync="TRUE">0</attscale></attr><attr><attrlabl Sync="TRUE">osds_class</attrlabl><attalias Sync="TRUE">osds_class</attalias><attrtype Sync="TRUE">String</attrtype><attwidth Sync="TRUE">9</attwidth><atprecis Sync="TRUE">0</atprecis><attscale Sync="TRUE">0</attscale></attr><attr><attrlabl Sync="TRUE">x</attrlabl><attalias Sync="TRUE">x</attalias><attrtype Sync="TRUE">Integer</attrtype><attwidth Sync="TRUE">10</attwidth><atprecis Sync="TRUE">10</atprecis><attscale Sync="TRUE">0</attscale></attr><attr><attrlabl Sync="TRUE">y</attrlabl><attalias Sync="TRUE">y</attalias><attrtype Sync="TRUE">Integer</attrtype><attwidth Sync="TRUE">10</attwidth><atprecis Sync="TRUE">10</atprecis><attscale Sync="TRUE">0</attscale></attr><attr><attrlabl Sync="TRUE">soil_qty</attrlabl><attalias Sync="TRUE">soil_qty</attalias><attrtype Sync="TRUE">Integer</attrtype><attwidth Sync="TRUE">5</attwidth><atprecis Sync="TRUE">5</atprecis><attscale Sync="TRUE">0</attscale></attr><attr><attrlabl Sync="TRUE">soil_n</attrlabl><attalias Sync="TRUE">soil_n</attalias><attrtype Sync="TRUE">Integer</attrtype><attwidth Sync="TRUE">5</attwidth><atprecis Sync="TRUE">5</atprecis><attscale Sync="TRUE">0</attscale></attr><attr><attrlabl Sync="TRUE">soil_p</attrlabl><attalias Sync="TRUE">soil_p</attalias><attrtype Sync="TRUE">Integer</attrtype><attwidth Sync="TRUE">5</attwidth><atprecis Sync="TRUE">5</atprecis><attscale Sync="TRUE">0</attscale></attr><attr><attrlabl Sync="TRUE">soil_fc</attrlabl><attalias Sync="TRUE">soil_fc</attalias><attrtype Sync="TRUE">Integer</attrtype><attwidth Sync="TRUE">5</attwidth><atprecis Sync="TRUE">5</atprecis><attscale Sync="TRUE">0</attscale></attr><attr><attrlabl Sync="TRUE">soil_eff</attrlabl><attalias Sync="TRUE">soil_eff</attalias><attrtype Sync="TRUE">Integer</attrtype><attwidth Sync="TRUE">5</attwidth><atprecis Sync="TRUE">5</atprecis><attscale Sync="TRUE">0</attscale></attr><attr><attrlabl Sync="TRUE">soil_nflx</attrlabl><attalias Sync="TRUE">soil_nflx</attalias><attrtype Sync="TRUE">Double</attrtype><attwidth Sync="TRUE">19</attwidth><atprecis Sync="TRUE">0</atprecis><attscale Sync="TRUE">0</attscale></attr><attr><attrlabl Sync="TRUE">soil_pflx</attrlabl><attalias Sync="TRUE">soil_pflx</attalias><attrtype Sync="TRUE">Double</attrtype><attwidth Sync="TRUE">19</attwidth><atprecis Sync="TRUE">0</atprecis><attscale Sync="TRUE">0</attscale></attr><attr><attrlabl Sync="TRUE">st_qty_1</attrlabl><attalias Sync="TRUE">st_qty_1</attalias><attrtype Sync="TRUE">String</attrtype><attwidth Sync="TRUE">2</attwidth><atprecis Sync="TRUE">0</atprecis><attscale Sync="TRUE">0</attscale></attr><attr><attrlabl Sync="TRUE">st_n_1</attrlabl><attalias Sync="TRUE">st_n_1</attalias><attrtype Sync="TRUE">String</attrtype><attwidth Sync="TRUE">2</attwidth><atprecis Sync="TRUE">0</atprecis><attscale Sync="TRUE">0</attscale></attr><attr><attrlabl Sync="TRUE">st_p_1</attrlabl><attalias Sync="TRUE">st_p_1</attalias><attrtype Sync="TRUE">String</attrtype><attwidth Sync="TRUE">2</attwidth><atprecis Sync="TRUE">0</atprecis><attscale Sync="TRUE">0</attscale></attr><attr><attrlabl Sync="TRUE">st_fc_1</attrlabl><attalias Sync="TRUE">st_fc_1</attalias><attrtype Sync="TRUE">String</attrtype><attwidth Sync="TRUE">7</attwidth><atprecis Sync="TRUE">0</atprecis><attscale Sync="TRUE">0</attscale></attr><attr><attrlabl Sync="TRUE">st_eff_1</attrlabl><attalias Sync="TRUE">st_eff_1</attalias><attrtype Sync="TRUE">String</attrtype><attwidth Sync="TRUE">5</attwidth><atprecis Sync="TRUE">0</atprecis><attscale Sync="TRUE">0</attscale></attr><attr><attrlabl Sync="TRUE">st_nflx_1</attrlabl><attalias Sync="TRUE">st_nflx_1</attalias><attrtype Sync="TRUE">String</attrtype><attwidth Sync="TRUE">8</attwidth><atprecis Sync="TRUE">0</atprecis><attscale Sync="TRUE">0</attscale></attr><attr><attrlabl Sync="TRUE">st_pflx_1</attrlabl><attalias Sync="TRUE">st_pflx_1</attalias><attrtype Sync="TRUE">String</attrtype><attwidth Sync="TRUE">8</attwidth><atprecis Sync="TRUE">0</atprecis><attscale Sync="TRUE">0</attscale></attr><attr><attrlabl Sync="TRUE">au_qty</attrlabl><attalias Sync="TRUE">au_qty</attalias><attrtype Sync="TRUE">String</attrtype><attwidth Sync="TRUE">2</attwidth><atprecis Sync="TRUE">0</atprecis><attscale Sync="TRUE">0</attscale></attr><attr><attrlabl Sync="TRUE">au_n</attrlabl><attalias Sync="TRUE">au_n</attalias><attrtype Sync="TRUE">String</attrtype><attwidth Sync="TRUE">2</attwidth><atprecis Sync="TRUE">0</atprecis><attscale Sync="TRUE">0</attscale></attr><attr><attrlabl Sync="TRUE">au_p</attrlabl><attalias Sync="TRUE">au_p</attalias><attrtype Sync="TRUE">String</attrtype><attwidth Sync="TRUE">1</attwidth><atprecis Sync="TRUE">0</atprecis><attscale Sync="TRUE">0</attscale></attr><attr><attrlabl Sync="TRUE">au_fc</attrlabl><attalias Sync="TRUE">au_fc</attalias><attrtype Sync="TRUE">String</attrtype><attwidth Sync="TRUE">8</attwidth><atprecis Sync="TRUE">0</atprecis><attscale Sync="TRUE">0</attscale></attr><attr><attrlabl Sync="TRUE">au_eff</attrlabl><attalias Sync="TRUE">au_eff</attalias><attrtype Sync="TRUE">String</attrtype><attwidth Sync="TRUE">5</attwidth><atprecis Sync="TRUE">0</atprecis><attscale Sync="TRUE">0</attscale></attr><attr><attrlabl Sync="TRUE">au_nflx</attrlabl><attalias Sync="TRUE">au_nflx</attalias><attrtype Sync="TRUE">String</attrtype><attwidth Sync="TRUE">8</attwidth><atprecis Sync="TRUE">0</atprecis><attscale Sync="TRUE">0</attscale></attr><attr><attrlabl Sync="TRUE">au_pflx</attrlabl><attalias Sync="TRUE">au_pflx</attalias><attrtype Sync="TRUE">String</attrtype><attwidth Sync="TRUE">8</attwidth><atprecis Sync="TRUE">0</atprecis><attscale Sync="TRUE">0</attscale></attr><attr><attrlabl Sync="TRUE">cp_qty</attrlabl><attalias Sync="TRUE">cp_qty</attalias><attrtype Sync="TRUE">String</attrtype><attwidth Sync="TRUE">1</attwidth><atprecis Sync="TRUE">0</atprecis><attscale Sync="TRUE">0</attscale></attr><attr><attrlabl Sync="TRUE">cp_n</attrlabl><attalias Sync="TRUE">cp_n</attalias><attrtype Sync="TRUE">String</attrtype><attwidth Sync="TRUE">2</attwidth><atprecis Sync="TRUE">0</atprecis><attscale Sync="TRUE">0</attscale></attr><attr><attrlabl Sync="TRUE">cp_p</attrlabl><attalias Sync="TRUE">cp_p</attalias><attrtype Sync="TRUE">String</attrtype><attwidth Sync="TRUE">2</attwidth><atprecis Sync="TRUE">0</atprecis><attscale Sync="TRUE">0</attscale></attr><attr><attrlabl Sync="TRUE">cp_fc</attrlabl><attalias Sync="TRUE">cp_fc</attalias><attrtype Sync="TRUE">String</attrtype><attwidth Sync="TRUE">7</attwidth><atprecis Sync="TRUE">0</atprecis><attscale Sync="TRUE">0</attscale></attr><attr><attrlabl Sync="TRUE">cp_eff</attrlabl><attalias Sync="TRUE">cp_eff</attalias><attrtype Sync="TRUE">String</attrtype><attwidth Sync="TRUE">4</attwidth><atprecis Sync="TRUE">0</atprecis><attscale Sync="TRUE">0</attscale></attr><attr><attrlabl Sync="TRUE">cp_nflx</attrlabl><attalias Sync="TRUE">cp_nflx</attalias><attrtype Sync="TRUE">String</attrtype><attwidth Sync="TRUE">8</attwidth><atprecis Sync="TRUE">0</atprecis><attscale Sync="TRUE">0</attscale></attr><attr><attrlabl Sync="TRUE">cp_pflx</attrlabl><attalias Sync="TRUE">cp_pflx</attalias><attrtype Sync="TRUE">String</attrtype><attwidth Sync="TRUE">8</attwidth><atprecis Sync="TRUE">0</atprecis><attscale Sync="TRUE">0</attscale></attr><attr><attrlabl Sync="TRUE">ttl_osds</attrlabl><attalias Sync="TRUE">ttl_osds</attalias><attrtype Sync="TRUE">Integer</attrtype><attwidth Sync="TRUE">5</attwidth><atprecis Sync="TRUE">5</atprecis><attscale Sync="TRUE">0</attscale></attr><attr><attrlabl Sync="TRUE">ttl_eff</attrlabl><attalias Sync="TRUE">ttl_eff</attalias><attrtype Sync="TRUE">Integer</attrtype><attwidth Sync="TRUE">10</attwidth><atprecis Sync="TRUE">10</atprecis><attscale Sync="TRUE">0</attscale></attr><attr><attrlabl Sync="TRUE">ttl_n</attrlabl><attalias Sync="TRUE">ttl_n</attalias><attrtype Sync="TRUE">Double</attrtype><attwidth Sync="TRUE">19</attwidth><atprecis Sync="TRUE">0</atprecis><attscale Sync="TRUE">0</attscale></attr><attr><attrlabl Sync="TRUE">ttl_p</attrlabl><attalias Sync="TRUE">ttl_p</attalias><attrtype Sync="TRUE">Double</attrtype><attwidth Sync="TRUE">19</attwidth><atprecis Sync="TRUE">0</atprecis><attscale Sync="TRUE">0</attscale></attr><attr><attrlabl Sync="TRUE">rsk_score</attrlabl><attalias Sync="TRUE">rsk_score</attalias><attrtype Sync="TRUE">Integer</attrtype><attwidth Sync="TRUE">5</attwidth><atprecis Sync="TRUE">5</atprecis><attscale Sync="TRUE">0</attscale></attr><attr><attrlabl Sync="TRUE">towns</attrlabl><attalias Sync="TRUE">towns</attalias><attrtype Sync="TRUE">String</attrtype><attwidth Sync="TRUE">30</attwidth><atprecis Sync="TRUE">0</atprecis><attscale Sync="TRUE">0</attscale></attr><attr><attrlabl Sync="TRUE">MERGE_SRC</attrlabl><attalias Sync="TRUE">MERGE_SRC</attalias><attrtype Sync="TRUE">String</attrtype><attwidth Sync="TRUE">254</attwidth><atprecis Sync="TRUE">0</atprecis><attscale Sync="TRUE">0</attscale></attr></detailed></eainfo><mdDateSt Sync="TRUE">20250527</mdDateSt></metadata>
