AIANNHH,NAME,B01001_001E,B25034_006E,B25034_007E,B25034_008E,B25034_009E,B25034_010E,B25034_011E,B28002_013E,B09019_005E,B09019_008E,B19101_001E,B20005_002E,B01001_003E,B01001_004E,B01001_005E,B01001_006E,B01001_020E,B01001_021E,B01001_016E,B01001_017E,B01001_018E,B01001_019E,B02001_002E,B02001_003E,B02001_004E,B02001_005E,B02001_006E,B02001_007E,B02001_008E
0010,"Acoma Pueblo and Off-Reservation Trust Land, NM",2982,170,158,97,34,70,265,340,29,60,583,1152,49,62,143,128,41,6,144,72,62,57,239,0,2548,0,20,27,148
0020,"Agua Caliente Indian Reservation and Off-Reservation Trust Land, CA",27694,7668,6846,2741,1410,153,280,1294,4276,2969,6677,15049,288,224,232,182,743,1142,1389,1699,884,1125,21659,1049,275,1283,74,1442,1912
0050,"Alabama-Coushatta Reservation and Off-Reservation Trust Land, TX",681,13,63,23,4,2,0,38,18,21,139,214,40,50,28,23,11,2,17,28,12,5,34,0,519,31,0,2,95
0080,"Allegany Reservation, NY",6135,99,239,238,279,256,1641,467,426,419,1469,2337,164,233,186,123,63,93,169,242,78,127,4117,135,1324,24,0,171,364
0095,"Alturas Indian Rancheria, CA",0,0,0,0,0,0,0,0,0,0,0,0,0,0,0,0,0,0,0,0,0,0,0,0,0,0,0,0,0
0110,"Annette Island Reserve, AK",1465,91,104,36,16,22,81,84,38,24,358,655,43,55,64,47,22,26,54,83,18,32,108,5,1232,14,31,7,68
0115,"Aroostook Band of Micmac Trust Land, ME",297,2,28,15,51,6,3,9,7,9,86,110,9,25,14,23,0,1,4,13,0,3,42,7,223,0,0,0,25
0120,"Auburn Rancheria and Off-Reservation Trust Land, CA",0,0,0,0,0,0,0,0,0,0,0,0,0,0,0,0,0,0,0,0,0,0,0,0,0,0,0,0,0
0125,"Augustine Reservation, CA",0,0,0,0,0,0,0,0,0,0,0,0,0,0,0,0,0,0,0,0,0,0,0,0,0,0,0,0,0
0140,"Bad River Reservation, WI",1406,93,105,64,35,3,37,58,94,100,350,563,50,24,53,36,9,5,34,84,8,63,257,38,1035,1,0,2,73
0155,"Barona Reservation and Off-Reservation Trust Land, CA",536,7,25,2,4,0,0,10,10,13,124,211,21,18,17,23,2,4,18,16,28,11,163,0,254,14,0,24,81
0165,"Battle Mountain Reservation and Off-Reservation Trust Land, NV",196,33,21,3,4,10,3,30,12,15,38,52,4,17,11,0,0,0,11,2,3,2,13,0,124,4,0,3,52
0170,"Bay Mills Reservation and Off-Reservation Trust Land, MI",1199,55,24,17,7,7,10,21,38,15,260,415,62,45,46,39,14,15,37,6,15,6,190,41,771,21,1,0,175
0185,"Benton Paiute Reservation and Off-Reservation Trust Land, CA",95,18,23,0,0,0,0,9,6,3,41,22,0,4,5,3,0,0,1,3,3,1,4,0,79,0,0,5,7
0200,"Berry Creek Rancheria and Off-Reservation Trust Land, CA",125,13,4,0,0,0,0,2,2,5,28,46,0,7,1,4,1,3,3,0,2,5,25,0,63,0,4,7,26
0215,"Big Bend Rancheria, CA",5,0,0,0,0,0,0,1,0,0,1,1,0,0,0,0,0,0,0,0,0,0,0,0,1,0,0,3,1
0225,"Big Cypress Reservation, FL",439,16,6,64,0,21,0,34,21,19,90,146,28,19,21,8,0,0,6,8,8,8,21,9,383,14,0,0,12
0240,"Big Lagoon Rancheria, CA",1,1,0,0,0,0,0,0,0,1,0,0,0,0,0,0,0,0,0,0,0,0,1,0,0,0,0,0,0
0250,"Big Pine Reservation and Off-Reservation Trust Land, CA",371,26,65,17,14,0,4,32,22,34,83,151,10,8,13,6,3,5,11,20,2,5,83,0,221,7,2,31,27
0265,"Big Sandy Rancheria and Off-Reservation Trust Land, CA",151,12,7,7,2,1,1,2,0,1,33,36,4,1,6,7,0,0,1,2,1,2,2,0,126,0,0,0,23
0275,"Big Valley Rancheria, CA",396,21,23,6,7,1,4,12,82,13,59,183,21,32,0,11,0,6,20,0,2,0,5,0,290,3,0,26,72
0290,"Bishop Reservation, CA",1914,145,174,29,56,38,20,101,60,75,449,570,8,84,110,71,12,26,27,55,14,26,184,17,1157,4,61,109,382
0305,"Blackfeet Indian Reservation and Off-Reservation Trust Land, MT",10375,591,1134,630,205,97,211,568,365,367,2053,3648,384,421,540,235,65,149,210,275,181,116,1308,26,8661,59,27,131,163
0325,"Blue Lake Rancheria and Off-Reservation Trust Land, CA",81,11,5,5,5,0,0,4,5,0,32,40,0,1,0,0,1,10,1,0,1,1,35,0,40,0,0,0,6
0335,"Bois Forte Reservation and Off-Reservation Trust Land, MN",932,55,150,59,38,13,13,50,59,75,237,339,40,24,21,30,5,19,27,28,16,29,238,1,612,0,0,3,78
0350,"Bridgeport Reservation and Off-Reservation Trust Land, CA",48,7,5,0,0,0,2,0,0,2,16,13,0,2,0,0,0,0,0,0,0,3,9,0,36,0,0,0,3
0360,"Brighton Reservation, FL",454,48,18,8,1,6,0,15,19,19,105,167,12,41,34,17,1,0,11,21,7,0,106,21,275,10,0,3,39
0400,"Burns Paiute Indian Colony and Off-Reservation Trust Land, OR",91,5,11,5,0,3,0,11,21,10,13,32,1,4,1,2,0,3,0,0,1,1,8,0,59,0,12,0,12
0415,"Cabazon Reservation, CA",17,1,0,0,0,0,2,2,0,9,1,0,0,0,0,0,0,0,0,0,0,0,0,0,13,4,0,0,0
0435,"Cahuilla Reservation, CA",33,3,2,5,11,0,2,0,0,2,10,2,2,0,0,0,0,0,0,0,0,0,0,6,20,0,0,0,7
0440,"Campbell Ranch, NV",351,33,43,26,0,7,0,31,30,22,81,128,0,7,11,14,9,9,7,33,0,0,34,5,265,15,0,6,26
0450,"Campo Indian Reservation, CA",385,22,15,5,7,0,7,32,16,22,76,129,23,17,14,5,2,0,7,9,0,3,43,0,254,16,0,4,68
0495,"Capitan Grande Reservation, CA",0,0,0,0,0,0,0,0,0,0,0,0,0,0,0,0,0,0,0,0,0,0,0,0,0,0,0,0,0
0510,"Carson Colony, NV",288,39,19,16,2,1,4,18,6,5,85,90,1,6,3,20,3,0,13,6,5,5,36,0,222,6,1,9,14
0525,"Catawba Reservation and Off-Reservation Trust Land, SC",900,44,13,5,5,2,0,21,30,32,193,303,24,40,46,32,34,3,16,7,16,4,230,6,592,17,2,0,53
0540,"Cattaraugus Reservation, NY",2052,84,138,57,61,36,54,250,234,70,434,725,68,126,120,51,19,6,91,76,56,53,274,50,1238,99,0,74,317
0555,"Cedarville Rancheria and Off-Reservation Trust Land, CA",16,2,0,0,0,0,1,0,0,0,5,5,1,0,2,0,0,0,0,0,0,2,13,0,3,0,0,0,0
0560,"Celilo Village, OR",67,0,0,1,0,0,1,2,1,0,9,19,6,6,2,6,0,0,0,0,1,0,0,0,65,2,0,0,0
0575,"Chehalis Reservation and Off-Reservation Trust Land, WA",630,64,64,12,2,2,32,38,46,25,150,261,8,20,33,8,4,3,24,21,3,16,196,3,328,0,27,0,76
0585,"Chemehuevi Reservation, CA",342,223,104,39,9,2,2,9,24,11,76,105,8,15,25,4,10,6,6,2,0,9,85,3,216,4,0,0,34
0605,"Cheyenne River Reservation and Off-Reservation Trust Land, SD",7715,418,662,303,188,113,270,625,278,256,1698,2624,414,429,329,196,55,99,157,223,97,135,1597,19,5740,3,36,23,297
0620,"Chicken Ranch Rancheria and Off-Reservation Trust Land, CA",0,0,0,0,0,0,0,0,0,0,0,0,0,0,0,0,0,0,0,0,0,0,0,0,0,0,0,0,0
0635,"Chitimacha Reservation, LA",761,43,22,10,8,7,13,23,46,36,217,309,44,23,26,13,4,7,32,15,6,19,193,21,400,11,0,14,122
0680,"Pueblo de Cochiti, NM",1577,168,234,57,15,0,52,152,120,158,348,684,15,30,63,25,8,41,94,30,21,26,423,9,678,2,0,107,358
0690,"Coconut Creek Trust Land, FL",0,0,0,0,0,0,0,0,0,0,0,0,0,0,0,0,0,0,0,0,0,0,0,0,0,0,0,0,0
0695,"Cocopah Reservation, AZ",1158,143,85,33,9,4,2,131,28,67,387,450,12,28,14,28,14,13,23,6,2,12,382,4,674,9,0,33,56
0705,"Coeur d'Alene Reservation, ID",7952,663,1064,572,310,187,341,482,480,266,2108,3383,206,296,315,155,103,212,262,356,172,205,5877,64,1331,28,8,55,589
0720,"Cold Springs Rancheria, CA",19,8,0,2,0,1,0,3,1,0,6,8,0,0,0,0,0,0,0,0,0,0,0,0,15,0,0,0,4
0735,"Colorado River Indian Reservation, AZ--CA",8385,1106,1871,456,341,128,56,818,452,636,2446,3229,270,271,364,237,94,147,144,308,162,129,3413,28,2508,143,2,758,1533
0750,"Colusa Rancheria, CA",50,0,0,0,0,0,0,0,0,0,14,5,0,7,10,0,0,0,0,0,0,0,2,0,48,0,0,0,0
0760,"Colville Reservation and Off-Reservation Trust Land, WA",7073,622,814,320,179,224,345,639,479,408,1742,3077,197,165,153,151,115,121,272,209,51,124,2090,109,3674,77,18,362,743
0770,"Coos, Lower Umpqua, and Siuslaw Reservation and Off-Reservation Trust Land, OR",106,3,2,0,0,1,1,1,4,6,28,14,2,9,4,14,0,1,1,0,2,2,33,0,33,1,0,0,39
0775,"Coquille Reservation, OR",439,27,4,1,6,2,7,35,26,55,100,160,16,13,4,3,4,5,10,15,0,7,243,0,114,1,0,0,81
0780,"Cortina Indian Rancheria, CA",13,4,1,0,0,0,0,2,0,0,3,7,0,0,0,0,0,1,0,0,0,0,0,0,5,0,1,0,7
0795,"Coushatta Reservation and Off-Reservation Trust Land, LA",106,0,11,0,50,5,0,26,13,50,18,23,2,5,0,0,0,0,0,2,0,0,7,0,88,0,0,0,11
0815,"Cow Creek Reservation and Off-Reservation Trust Land, OR",162,7,3,6,16,0,3,7,5,3,46,68,5,8,2,5,4,3,6,3,2,2,103,0,40,0,0,0,19
0820,"Cowlitz Reservation, WA",0,0,0,0,0,0,0,0,0,0,0,0,0,0,0,0,0,0,0,0,0,0,0,0,0,0,0,0,0
0825,"Coyote Valley Reservation, CA",270,41,9,0,0,1,0,25,2,7,50,80,20,12,4,2,2,2,1,3,14,0,3,0,168,0,0,2,97
0845,"Crow Reservation and Off-Reservation Trust Land, MT",7353,382,420,236,73,145,232,473,232,162,1291,2438,335,451,427,235,34,61,218,135,59,141,1205,0,5917,0,0,2,229
0855,"Crow Creek Reservation, SD",1807,87,173,85,30,9,54,195,58,63,340,689,143,66,90,75,13,9,50,58,11,51,223,20,1543,0,0,2,19
0940,"Dresslerville Colony, NV",334,64,22,1,2,3,1,35,7,6,96,122,8,6,11,2,0,1,15,17,9,5,15,0,304,6,4,0,5
0955,"Dry Creek Rancheria and Off-Reservation Trust Land, CA",0,0,0,0,0,0,0,0,0,0,0,0,0,0,0,0,0,0,0,0,0,0,0,0,0,0,0,0,0
0965,"Duck Valley Reservation and Off-Reservation Trust Land, ID--NV",1253,121,118,37,25,15,20,95,60,59,232,410,15,18,60,48,7,5,21,26,18,28,43,1,1104,3,0,75,27
0975,"Duckwater Reservation, NV",187,43,14,3,2,6,0,26,12,19,45,63,5,0,7,0,4,7,6,6,0,2,26,0,123,6,0,6,26
0990,"Eastern Cherokee Reservation, NC",7930,786,828,243,67,87,37,1003,558,525,2130,3096,239,417,203,225,155,42,264,327,127,105,1028,49,6243,120,0,17,473
1005,"Elko Colony, NV",829,156,50,30,0,0,3,68,31,59,167,361,9,10,6,23,3,13,11,31,10,18,34,0,740,20,3,8,24
1010,"Elk Valley Rancheria and Off-Reservation Trust Land, CA",91,1,4,5,3,0,0,8,4,15,15,25,0,0,0,1,2,0,0,0,0,2,33,0,49,0,0,6,3
1040,"Ely Reservation, NV",333,19,19,0,1,2,0,12,6,16,47,63,8,21,69,2,2,7,3,1,2,2,44,9,134,0,0,9,137
1055,"Enterprise Rancheria and Off-Reservation Trust Land, CA",0,0,2,0,0,0,0,0,0,0,0,0,0,0,0,0,0,0,0,0,0,0,0,0,0,0,0,0,0
1065,"Ewiiaapaayp Reservation, CA",0,0,0,0,0,0,0,0,0,0,0,0,0,0,0,0,0,0,0,0,0,0,0,0,0,0,0,0,0
1070,"Fallon Paiute-Shoshone Colony and Off-Reservation Trust Land, NV",140,25,8,2,1,0,0,23,11,28,16,51,10,0,3,3,3,0,11,1,0,0,23,0,99,0,5,0,13
1075,"Fallon Paiute-Shoshone Reservation and Off-Reservation Trust Land, NV",721,56,69,34,7,0,15,55,28,53,170,246,28,19,22,22,10,2,16,16,20,9,68,7,583,0,0,1,62
1100,"Flandreau Reservation, SD",529,55,35,4,2,0,5,42,43,31,100,169,16,23,36,39,2,10,15,27,4,15,52,36,399,0,2,1,39
1110,"Flathead Reservation, MT",31690,2202,2753,1264,886,592,1592,1924,1562,1674,7935,12406,916,925,1308,675,498,647,895,1000,377,752,19909,74,7760,186,53,383,3325
1125,"Fond du Lac Reservation and Off-Reservation Trust Land, MN--WI",4098,206,280,112,162,41,180,243,198,150,1030,1577,145,147,149,92,35,81,113,127,79,85,2058,11,1473,15,8,10,523
1135,"Forest County Potawatomi Community and Off-Reservation Trust Land, WI",593,23,20,5,3,5,5,18,3,33,124,149,64,37,24,4,0,6,10,18,11,7,74,0,419,0,0,20,80
1140,"Fort Apache Reservation, AZ",14620,1219,831,467,20,37,31,2084,366,194,3121,4832,566,792,867,439,39,127,264,485,94,266,478,40,13538,13,101,37,413
1150,"Fort Belknap Reservation and Off-Reservation Trust Land, MT",3377,191,339,91,48,0,40,201,94,93,619,1157,126,203,148,121,47,17,55,84,38,52,92,31,3160,0,0,0,94
1160,"Fort Berthold Reservation, ND",7483,481,695,334,158,109,261,312,492,324,1568,2678,518,286,320,154,60,139,180,293,55,106,1979,156,4799,58,14,161,316
1170,"Fort Bidwell Reservation and Off-Reservation Trust Land, CA",106,11,26,3,3,0,3,13,5,6,17,54,9,2,3,0,0,0,8,1,0,1,16,0,86,0,0,2,2
1185,"Fort Hall Reservation and Off-Reservation Trust Land, ID",5077,197,583,161,129,31,209,450,371,204,1111,2027,144,261,172,218,67,134,151,140,69,82,1741,3,2963,0,7,90,273
1195,"Fort Independence Reservation, CA",129,12,4,6,0,0,4,2,11,2,17,56,4,11,2,4,0,4,5,4,2,5,51,0,44,2,4,0,28
1210,"Fort McDermitt Indian Reservation, NV--OR",254,15,54,5,9,0,6,60,15,32,75,59,12,13,7,1,2,3,2,10,1,3,5,0,227,0,2,0,20
1220,"Fort McDowell Yavapai Nation Reservation, AZ",1006,33,15,31,5,0,2,36,49,23,191,398,15,49,56,49,1,6,53,21,6,8,112,3,769,13,0,9,100
1235,"Fort Mojave Reservation and Off-Reservation Trust Land, AZ--CA--NV",1572,97,66,12,0,0,3,57,78,65,433,648,29,57,41,38,24,55,13,56,20,31,752,16,580,18,6,75,125
1250,"Fort Peck Indian Reservation and Off-Reservation Trust Land, MT",10126,648,755,484,496,231,580,987,504,523,1667,3437,567,496,522,286,98,115,200,283,126,149,2773,32,6503,78,1,30,709
1260,"Fort Pierce Reservation, FL",7,0,0,0,0,0,0,0,0,0,4,6,0,0,0,0,0,0,2,0,0,0,0,5,0,0,0,0,2
1270,"Fort Sill Apache Indian Reservation, NM",0,0,0,0,0,0,0,0,0,0,0,0,0,0,0,0,0,0,0,0,0,0,0,0,0,0,0,0,0
1280,"Fort Yuma Indian Reservation, CA--AZ",1536,190,161,20,28,0,7,61,55,39,296,443,47,29,109,32,18,13,41,41,37,17,188,5,1081,6,0,48,208
1310,"Gila River Indian Reservation, AZ",12179,669,338,217,28,0,49,1155,470,527,2234,4709,397,333,488,462,3,134,359,321,84,57,713,27,10363,94,63,403,516
1340,"Goshute Reservation, NV--UT",149,14,15,4,3,3,4,10,8,0,41,48,4,2,13,0,3,2,4,3,0,4,12,0,136,0,1,0,0
1355,"Grand Portage Reservation and Off-Reservation Trust Land, MN",616,56,74,8,4,9,14,45,60,49,174,273,7,12,12,22,9,12,22,29,14,17,188,0,337,16,4,0,71
1365,"Grand Ronde Community and Off-Reservation Trust Land, OR",679,83,80,4,0,0,0,31,26,49,186,165,34,28,30,11,8,9,8,14,3,8,118,4,405,11,2,16,123
1370,"Grand Traverse Reservation and Off-Reservation Trust Land, MI",607,62,15,6,8,5,7,43,23,18,128,154,21,21,37,16,15,2,2,12,2,2,79,11,413,5,0,11,88
1380,"Greenville Rancheria, CA",7,0,3,0,1,0,0,2,1,3,1,2,0,0,0,0,0,0,2,0,0,0,5,0,2,0,0,0,0
1395,"Grindstone Indian Rancheria, CA",98,14,0,0,2,0,0,12,5,7,19,36,12,1,4,1,0,2,5,1,0,0,10,0,71,0,0,14,3
1400,"Guidiville Rancheria and Off-Reservation Trust Land, CA",55,0,0,1,1,0,0,1,0,0,12,11,6,0,7,3,0,1,1,0,0,0,14,3,34,0,0,0,4
1410,"Hannahville Indian Community and Off-Reservation Trust Land, MI",549,12,11,16,14,1,4,18,19,17,96,179,31,26,29,8,10,5,13,13,4,11,54,9,399,33,0,0,54
1440,"Havasupai Reservation, AZ",0,0,0,0,0,0,0,0,0,0,0,0,0,0,0,0,0,0,0,0,0,0,0,0,0,0,0,0,0
1450,"Ho-Chunk Nation Reservation and Off-Reservation Trust Land, WI--MN",1343,26,48,20,15,8,25,51,45,53,262,423,42,68,87,66,10,10,53,12,32,15,93,10,1082,14,10,8,126
1460,"Hoh Indian Reservation and Off-Reservation Trust Land, WA",56,9,2,1,1,0,2,3,2,0,10,24,2,1,0,3,1,0,1,0,0,1,8,0,39,2,0,0,7
1475,"Hollywood Reservation, FL",948,45,101,82,44,0,3,29,31,42,217,294,70,62,36,13,5,6,25,21,7,3,159,15,550,23,4,35,162
1490,"Hoopa Valley Reservation, CA",2503,126,165,140,128,0,15,178,64,55,570,813,70,99,92,56,8,108,38,56,16,32,176,1,1833,150,0,9,334
1505,"Hopi Reservation and Off-Reservation Trust Land, AZ",7895,595,643,183,122,102,399,1114,232,273,1629,2954,358,178,314,247,149,49,233,181,92,140,120,24,7701,0,0,13,37
1515,"Hopland Rancheria, CA",219,25,9,5,3,0,3,22,11,4,58,111,0,2,8,0,4,0,12,9,12,0,69,0,131,0,0,4,15
1530,"Houlton Maliseet Reservation and Off-Reservation Trust Land, ME",272,22,3,0,0,1,1,1,3,26,66,81,15,18,15,18,2,2,4,0,0,2,60,0,177,0,0,2,33
1545,"Hualapai Indian Reservation and Off-Reservation Trust Land, AZ",1738,102,116,52,41,0,4,47,11,26,360,469,76,160,101,91,0,21,33,16,5,2,57,0,1563,0,0,106,12
1550,"Huron Potawatomi Reservation and Off-Reservation Trust Land, MI",78,0,0,0,2,0,0,3,2,1,16,14,4,2,0,0,0,0,1,1,0,0,12,34,10,0,0,0,22
1555,"Immokalee Reservation, FL",132,12,2,0,0,0,0,3,5,2,33,50,17,0,0,0,0,0,3,6,8,3,16,0,98,0,0,0,18
1560,"Inaja and Cosmit Reservation, CA",0,0,0,0,0,0,0,0,0,0,0,0,0,0,0,0,0,0,0,0,0,0,0,0,0,0,0,0,0
1575,"Indian Township Reservation, ME",657,48,86,19,8,9,14,64,43,29,148,236,18,28,27,24,16,14,19,15,6,7,107,0,485,3,0,0,62
1590,"Iowa (KS-NE) Reservation and Off-Reservation Trust Land, KS--NE",230,29,17,1,0,8,4,9,7,5,68,94,24,11,0,5,0,0,8,5,5,5,67,0,133,2,0,0,28
1610,"Isabella Reservation and Off-Reservation Trust Land, MI",25328,1345,1992,1109,1076,473,1641,889,1274,1593,6352,10414,548,617,872,449,211,363,749,950,307,469,21168,445,1709,258,28,393,1327
1625,"Isleta Pueblo, NM",4466,353,414,94,61,26,108,459,171,248,964,1687,96,154,268,43,28,72,11,56,53,124,146,24,3938,0,0,118,240
1640,"Jackson Rancheria, CA",0,0,0,0,0,0,0,0,0,0,0,0,0,0,0,0,0,0,0,0,0,0,0,0,0,0,0,0,0
1655,"Jamestown S'Klallam Reservation and Off-Reservation Trust Land, WA",10,0,2,1,0,0,0,0,0,0,1,2,0,1,1,0,0,0,0,0,0,0,5,0,5,0,0,0,0
1670,"Jamul Indian Village, CA",0,0,0,0,0,0,0,0,0,0,0,0,0,0,0,0,0,0,0,0,0,0,0,0,0,0,0,0,0
1685,"Jemez Pueblo, NM",2132,117,201,31,15,64,24,233,20,16,442,601,86,63,125,0,18,44,20,51,10,88,10,0,2116,0,0,0,6
1690,"Jena Band of Choctaw Reservation, LA",15,0,0,0,0,0,0,0,0,0,7,2,0,0,3,0,0,0,0,2,0,0,2,0,0,0,0,0,13
1700,"Jicarilla Apache Nation Reservation and Off-Reservation Trust Land, NM",2599,204,240,86,0,6,0,260,195,126,470,943,176,77,87,38,64,14,62,116,56,18,46,5,2188,25,0,200,135
1720,"Kaibab Indian Reservation, AZ",249,38,33,0,8,0,0,10,1,24,61,77,21,7,4,6,0,7,0,4,0,0,15,12,191,5,0,0,26
1735,"Kalispel Reservation and Off-Reservation Trust Land, WA",957,17,11,9,2,0,0,13,39,73,249,280,91,78,24,17,2,1,12,25,2,3,362,25,222,16,260,8,64
1750,"Karuk Reservation and Off-Reservation Trust Land, CA",498,24,16,2,2,0,2,32,19,30,124,130,15,26,40,8,8,7,18,11,2,5,50,3,307,2,0,5,131
1770,"Kickapoo (KS) Reservation, KS",4286,124,280,146,153,76,818,268,250,239,1058,1672,137,181,122,144,54,58,163,147,62,100,3279,38,566,5,0,18,380
1775,"Kickapoo (TX) Reservation and Off-Reservation Trust Land, TX",1005,0,9,0,0,0,0,104,4,67,201,275,34,62,47,86,0,0,23,0,0,28,17,0,885,0,0,43,60
1785,"Klamath Reservation, OR",41,9,0,0,2,0,4,14,9,18,3,14,0,0,2,2,3,0,2,0,0,2,9,0,28,0,0,0,4
1800,"Kootenai Reservation and Off-Reservation Trust Land, ID",182,5,9,3,1,0,0,0,4,2,22,50,28,1,21,11,2,0,0,4,0,13,15,0,166,0,0,1,0
1815,"Lac Courte Oreilles Reservation and Off-Reservation Trust Land, WI",2868,404,387,211,171,97,178,276,232,194,760,1062,93,101,117,81,40,51,85,118,83,87,738,7,1856,38,6,59,164
1825,"Lac du Flambeau Reservation, WI",3656,764,602,307,315,129,162,152,257,264,966,1568,109,86,144,86,104,147,121,175,33,72,1634,10,1892,36,0,15,69
1830,"Lac Vieux Desert Reservation, MI",180,15,35,0,6,0,3,10,9,13,28,53,3,11,14,14,0,0,1,6,3,5,4,29,144,3,0,0,0
1840,"Laguna Pueblo and Off-Reservation Trust Land, NM",4460,124,361,151,40,78,163,472,62,138,748,1566,164,204,207,82,56,37,91,138,0,52,150,2,4162,1,0,0,145
1850,"La Jolla Reservation, CA",275,23,7,11,2,0,0,21,13,15,83,105,11,14,2,10,0,8,12,4,2,3,60,4,186,10,0,4,11
1860,"Lake Traverse Reservation and Off-Reservation Trust Land, SD--ND",11391,697,950,382,412,301,1182,675,572,508,2724,4238,583,452,427,230,198,210,313,267,145,262,5936,48,4713,13,0,189,492
1880,"L'Anse Reservation and Off-Reservation Trust Land, MI",3544,292,314,202,197,82,313,245,213,329,935,1371,66,171,101,102,53,68,144,137,52,70,2170,49,884,35,11,17,378
1895,"La Posta Indian Reservation, CA",66,0,0,0,1,0,0,0,1,0,15,16,0,0,13,0,0,1,2,0,0,0,7,0,39,0,0,12,8
1915,"Las Vegas Indian Colony, NV",209,11,26,0,1,3,3,4,2,4,38,78,5,0,45,0,5,0,25,4,0,10,47,0,83,0,0,1,78
1925,"Laytonville Rancheria, CA",156,17,2,8,1,0,1,8,2,2,41,72,8,0,7,0,0,1,3,12,0,0,22,0,86,0,7,0,41
1940,"Leech Lake Reservation and Off-Reservation Trust Land, MN",11189,936,1209,615,529,226,491,588,681,400,2684,4347,457,479,485,240,159,236,291,287,176,278,5995,62,3725,77,2,141,1187
1955,"Likely Rancheria, CA",0,0,0,0,0,0,0,0,0,0,0,0,0,0,0,0,0,0,0,0,0,0,0,0,0,0,0,0,0
1960,"Little River Reservation and Off-Reservation Trust Land, MI",95,2,0,0,1,0,9,7,4,13,12,36,0,1,4,1,2,2,3,17,0,1,22,0,52,0,2,0,19
1963,"Little Traverse Bay Reservation and Off-Reservation Trust Land, MI",80,1,0,2,1,1,1,3,3,6,11,37,2,1,5,0,0,0,25,0,0,0,20,0,19,0,0,0,41
1970,"Lone Pine Reservation, CA",206,8,50,14,6,5,1,26,7,19,51,68,17,1,7,0,0,5,8,4,5,5,48,0,125,7,0,0,26
1980,"Lookout Rancheria, CA",8,0,2,0,0,2,0,0,0,1,2,2,0,0,0,0,0,0,0,0,0,0,0,0,8,0,0,0,0
1995,"Los Coyotes Reservation, CA",75,2,6,1,0,0,0,2,3,1,22,42,1,0,0,2,3,1,8,1,1,0,11,0,61,0,0,0,3
2015,"Lovelock Indian Colony, NV",151,9,12,1,0,1,8,8,4,6,21,59,17,9,0,2,0,1,0,2,1,2,9,0,135,0,0,3,4
2030,"Lower Brule Reservation and Off-Reservation Trust Land, SD",1760,98,146,75,11,4,6,109,37,46,282,579,119,107,97,50,0,24,22,23,50,11,147,0,1579,7,0,11,16
2040,"Lower Elwha Reservation and Off-Reservation Trust Land, WA",671,49,23,0,0,1,1,23,22,20,141,244,34,37,27,14,7,12,19,16,7,12,89,12,451,12,0,0,107
2055,"Lower Sioux Indian Community and Off-Reservation Trust Land, MN",576,24,14,12,1,8,18,33,24,44,121,153,24,37,43,12,8,6,6,7,8,7,45,0,458,0,0,25,48
2070,"Lummi Reservation, WA",5211,312,335,182,60,30,89,176,223,181,1383,2032,149,126,138,74,70,53,147,175,103,105,2295,37,2309,162,8,54,346
2075,"Lytton Rancheria, CA",0,0,0,0,0,0,0,0,0,0,0,0,0,0,0,0,0,0,0,0,0,0,0,0,0,0,0,0,0
2085,"Makah Indian Reservation, WA",1524,146,122,34,14,6,29,94,54,75,325,556,62,55,50,23,14,11,55,49,23,54,194,0,1076,0,0,30,224
2100,"Manchester-Point Arena Rancheria, CA",345,38,14,3,2,0,5,25,2,14,81,122,8,4,16,27,11,9,2,10,0,3,26,0,174,0,1,22,122
2115,"Manzanita Reservation and Off-Reservation Trust Land, CA",70,0,2,0,0,0,0,0,0,2,16,19,5,3,10,0,0,0,0,0,0,0,13,0,38,0,0,0,19
2130,"Maricopa (Ak Chin) Indian Reservation and Off-Reservation Trust Land, AZ",1450,41,51,24,2,5,3,78,24,30,312,491,56,75,69,40,13,4,22,43,0,12,58,6,1285,0,0,23,78
2145,"Mashantucket Pequot Reservation and Off-Reservation Trust Land, CT",104,15,5,1,0,2,1,0,0,2,25,36,18,2,2,0,0,2,3,0,4,3,20,4,46,0,0,0,34
2147,"Mashpee Wampanoag Trust Land, MA",11,0,0,0,0,0,4,0,0,2,3,4,1,0,0,0,0,0,0,0,0,0,0,0,8,0,0,0,3
2150,"Match-e-be-nash-she-wish Band of Pottawatomi Reservation and Off-Reservation Trust Land, MI",12,0,0,0,0,0,0,2,2,0,3,5,1,0,0,0,0,2,0,0,0,0,4,0,4,0,0,0,4
2175,"Menominee Reservation and Off-Reservation Trust Land, WI",3537,379,146,35,19,12,104,162,68,73,809,1124,197,219,183,109,12,68,97,127,37,36,111,9,3213,8,0,4,192
2190,"Mesa Grande Reservation, CA",69,0,0,0,1,0,0,0,0,0,30,41,4,0,3,2,0,3,0,3,0,0,7,0,62,0,0,0,0
2205,"Mescalero Reservation, NM",3969,263,263,55,29,42,76,214,143,260,540,1470,145,132,129,122,19,52,97,89,24,70,308,4,3548,0,0,52,57
2240,"Miccosukee Reservation and Off-Reservation Trust Land, FL",0,0,0,0,0,0,0,0,0,0,0,0,0,0,0,0,0,0,0,0,0,0,0,0,0,0,0,0,0
2255,"Middletown Rancheria, CA",1,0,0,1,0,0,0,0,0,1,0,0,0,0,0,0,0,0,0,0,0,0,0,0,0,0,0,0,1
2270,"Mille Lacs Reservation and Off-Reservation Trust Land, MN",4630,445,443,232,172,190,337,287,383,349,1007,1826,128,151,143,145,104,101,131,164,63,106,2868,37,1266,17,3,59,380
2285,"Minnesota Chippewa Trust Land, MN",0,0,0,0,0,0,0,0,0,0,0,0,0,0,0,0,0,0,0,0,0,0,0,0,0,0,0,0,0
2300,"Mississippi Choctaw Reservation and Off-Reservation Trust Land, MS--TN",7384,380,224,83,55,148,15,539,217,143,1547,2604,310,226,435,397,70,16,140,150,109,44,321,106,6302,79,17,384,175
2315,"Moapa River Indian Reservation, NV",245,9,59,15,2,0,0,14,5,20,65,79,4,13,17,3,0,2,12,6,3,7,19,12,158,0,30,7,19
2320,"Mohegan Reservation, CT",181,16,26,18,9,4,7,9,28,16,38,76,12,4,5,4,5,4,8,1,2,6,63,0,84,0,0,4,30
2330,"Montgomery Creek Rancheria, CA",10,2,1,0,2,0,0,1,0,4,3,4,0,0,0,0,0,0,0,0,0,0,0,0,10,0,0,0,0
2340,"Mooretown Rancheria and Off-Reservation Trust Land, CA",177,5,2,0,0,0,0,3,2,10,41,61,6,4,7,7,2,1,2,4,4,0,34,0,85,0,0,2,56
2360,"Morongo Reservation and Off-Reservation Trust Land, CA",840,65,46,26,8,7,7,28,31,38,189,295,34,33,24,9,3,7,29,13,9,16,144,13,563,2,0,24,94
2375,"Muckleshoot Reservation and Off-Reservation Trust Land, WA",4362,197,283,537,29,19,11,125,137,198,1030,1552,147,166,184,132,14,44,99,101,47,45,1625,123,1371,165,148,403,527
2400,"Nambe Pueblo and Off-Reservation Trust Land, NM",2148,284,147,112,51,58,62,327,190,180,515,900,54,55,27,53,35,126,61,80,23,43,802,97,540,0,0,409,300
2415,"Narragansett Reservation, RI",0,0,0,0,0,0,0,0,0,0,0,0,0,0,0,0,0,0,0,0,0,0,0,0,0,0,0,0,0
2430,"Navajo Nation Reservation and Off-Reservation Trust Land, AZ--NM--UT",166545,14933,11966,5932,2184,945,763,28411,7568,6330,33808,62869,4356,6205,6522,4095,1429,1925,4774,5534,2118,2878,3030,548,157958,760,143,895,3211
2445,"Nez Perce Reservation, ID",18594,923,1919,937,603,395,1316,1182,1221,999,4687,8341,406,565,518,342,317,654,605,761,261,475,14806,80,2151,173,28,251,1105
2460,"Nisqually Reservation, WA",593,60,103,3,0,2,0,11,40,8,143,215,13,39,62,10,2,11,9,15,5,16,158,5,360,6,11,7,46
2475,"Nooksack Reservation and Off-Reservation Trust Land, WA",825,67,36,5,8,3,13,25,24,20,177,297,33,40,44,20,6,6,29,24,6,10,118,2,426,23,11,48,197
2490,"Northern Cheyenne Indian Reservation and Off-Reservation Trust Land, MT--SD",4460,383,427,152,70,3,19,238,122,99,793,1389,234,282,226,149,28,65,84,67,39,51,197,10,4124,0,1,0,128
2495,"North Fork Rancheria and Off-Reservation Trust Land, CA",55,0,0,0,0,0,0,1,1,0,9,12,3,5,0,0,0,0,0,0,0,0,3,0,42,0,0,1,9
2505,"Northwestern Shoshone Reservation, UT",0,0,0,0,0,0,0,0,0,0,0,0,0,0,0,0,0,0,0,0,0,0,0,0,0,0,0,0,0
2510,"Ohkay Owingeh, NM",6847,441,563,294,110,151,133,735,310,343,1331,2951,245,178,253,138,21,121,232,364,76,118,1870,74,1253,32,0,2841,777
2535,"Oil Springs Reservation, NY",0,0,0,0,1,0,2,0,0,0,0,0,0,0,0,0,0,0,0,0,0,0,0,0,0,0,0,0,0
2550,"Omaha Reservation, NE--IA",4707,156,288,180,138,109,446,226,155,186,1003,1578,230,213,252,130,40,55,114,154,26,56,2175,7,2190,30,0,82,223
2555,"Oneida Indian Nation Reservation, NY",62773,3203,3198,2984,3331,1555,8608,2444,3252,3746,16189,25847,1429,1819,1785,1157,788,1416,2475,2386,1125,1444,58498,742,236,374,0,413,2510
2560,"Oneida (WI) Reservation and Off-Reservation Trust Land, WI",26917,1980,1899,813,348,66,294,436,898,971,7505,11135,654,921,831,601,273,671,776,1642,403,603,18706,294,3460,1287,19,544,2607
2570,"Onondaga Nation Reservation, NY",412,0,106,0,23,0,19,0,24,106,86,96,16,0,0,0,0,0,0,0,0,20,0,0,373,39,0,0,0
2580,"Ontonagon Reservation, MI",0,0,0,0,0,0,0,0,0,0,0,0,0,0,0,0,0,0,0,0,0,0,0,0,0,0,0,0,0
2595,"Osage Reservation, OK",46004,2725,3972,1767,1699,904,2161,2566,2071,2612,11433,18997,1206,1446,1374,965,552,781,1503,1646,846,916,29305,4878,5125,144,0,634,5918
2625,"Paiute (UT) Reservation, UT",424,22,56,9,3,6,0,17,16,12,84,147,21,22,9,4,3,0,18,6,14,9,20,0,357,0,0,4,43
2635,"Pala Reservation, CA",988,43,102,16,6,5,16,54,25,41,220,297,45,30,41,14,5,4,32,39,11,3,163,8,440,26,6,12,333
2680,"Pascua Pueblo Yaqui Reservation and Off-Reservation Trust Land, AZ",3678,514,66,29,21,0,0,178,65,106,730,1265,113,183,204,101,7,49,59,90,7,40,99,11,3184,0,20,301,63
2685,"Paskenta Rancheria, CA",0,0,0,0,0,0,0,0,0,0,0,0,0,0,0,0,0,0,0,0,0,0,0,0,0,0,0,0,0
2695,"Passamaquoddy Trust Land, ME",0,19,22,5,2,5,4,0,0,0,0,0,0,0,0,0,0,0,0,0,0,0,0,0,0,0,0,0,0
2715,"Pauma and Yuima Reservation, CA",150,11,8,5,2,0,0,4,1,7,35,43,7,2,12,8,0,2,5,7,1,2,31,0,101,6,0,7,5
2745,"Pechanga Reservation and Off-Reservation Trust Land, CA",310,12,16,2,5,0,2,14,8,10,63,140,22,9,9,5,3,5,17,4,3,2,46,3,188,7,0,16,50
2760,"Penobscot Reservation and Off-Reservation Trust Land, ME",557,47,55,21,10,0,33,58,62,37,126,270,5,8,8,4,9,17,15,35,6,33,107,7,403,3,0,0,37
2775,"Picayune Rancheria and Off-Reservation Trust Land, CA",53,0,2,0,0,0,0,9,0,0,15,27,0,0,3,3,0,0,0,7,4,2,2,0,41,0,0,0,10
2785,"Picuris Pueblo, NM",2448,152,194,96,72,73,209,260,155,158,459,1084,54,177,116,51,25,30,63,84,25,24,949,8,212,10,0,112,1157
2810,"Pine Ridge Reservation, SD--NE",18961,858,1235,441,237,175,452,1353,308,285,3265,6120,915,1142,998,467,291,113,494,414,162,251,2195,22,16284,53,0,178,229
2820,"Pinoleville Rancheria, CA",158,7,9,1,4,1,2,5,3,9,39,68,5,6,7,13,2,0,2,2,1,0,33,0,98,0,0,1,26
2835,"Pit River Trust Land, CA",0,0,0,0,0,0,0,0,0,0,0,0,0,0,0,0,0,0,0,0,0,0,0,0,0,0,0,0,0
2850,"Pleasant Point Reservation, ME",578,34,38,8,6,0,14,34,25,26,150,252,24,35,24,5,6,4,12,15,9,16,62,7,443,2,0,31,33
2865,"Poarch Creek Reservation and Off-Reservation Trust Land, AL--FL",363,32,7,3,0,0,5,41,29,30,66,129,21,24,12,1,19,9,2,10,0,10,86,2,257,0,0,3,15
2890,"Pokagon Reservation and Off-Reservation Trust Land, MI--IN",160,0,7,5,1,0,1,0,1,22,39,52,2,4,1,0,0,4,1,2,8,3,53,2,55,21,0,0,29
2900,"Ponca (NE) Trust Land, NE--IA",0,0,0,0,0,0,0,0,0,0,0,0,0,0,0,0,0,0,0,0,0,0,0,0,0,0,0,0,0
2910,"Port Gamble Reservation and Off-Reservation Trust Land, WA",684,12,48,18,1,0,4,14,11,17,169,239,24,40,19,16,6,6,10,9,1,18,103,12,432,4,11,8,114
2925,"Port Madison Reservation, WA",7882,516,732,154,187,108,290,127,365,567,2142,3233,161,218,283,136,133,180,301,253,132,183,5959,85,485,234,3,172,944
2980,"Prairie Band of Potawatomi Nation Reservation, KS",1198,76,88,17,21,6,109,77,49,93,287,420,31,37,54,24,20,29,32,33,12,13,596,4,476,19,0,3,100
2985,"Prairie Island Indian Community and Off-Reservation Trust Land, MN",288,15,7,7,0,0,4,11,5,15,84,105,7,14,13,8,0,0,3,19,0,8,37,0,205,3,0,17,26
2990,"Pueblo of Pojoaque and Off-Reservation Trust Land, NM",3687,300,214,97,115,43,159,316,265,264,933,1452,80,134,110,74,70,90,109,162,55,62,1550,13,664,24,0,829,607
3000,"Puyallup Reservation and Off-Reservation Trust Land, WA",54384,3105,2564,1340,1076,810,1379,1029,1733,2085,14048,20943,2042,2113,1940,940,414,895,1741,1479,657,1010,29506,5711,1161,6634,1601,2133,7638
3010,"Pyramid Lake Paiute Reservation, NV",1531,157,223,56,21,14,21,172,63,86,407,598,38,85,27,8,3,15,35,41,56,32,449,28,879,14,15,36,110
3020,"Quartz Valley Reservation and Off-Reservation Trust Land, CA",254,8,45,6,2,0,7,3,6,5,74,108,15,17,7,9,1,22,3,10,0,8,85,8,134,0,0,4,23
3030,"Quileute Reservation, WA",352,17,20,14,1,4,2,18,10,9,64,108,6,24,38,7,2,0,8,10,3,4,22,2,300,3,1,0,24
3040,"Quinault Reservation, WA",1185,64,177,53,25,22,6,31,31,42,296,489,36,26,60,25,41,18,32,33,6,21,160,6,891,0,14,16,98
3070,"Ramona Village, CA",0,0,0,0,0,0,0,0,0,0,0,0,0,0,0,0,0,0,0,0,0,0,0,0,0,0,0,0,0
3085,"Red Cliff Reservation and Off-Reservation Trust Land, WI",1216,112,94,23,30,5,19,8,61,73,313,419,71,47,60,29,2,22,29,29,18,20,156,17,846,31,0,29,137
3095,"Redding Rancheria, CA",25,0,0,0,0,0,0,0,0,0,8,10,0,0,0,8,0,0,0,0,0,0,0,0,22,0,0,0,3
3100,"Red Lake Reservation, MN",5448,344,218,115,61,9,43,228,295,41,1035,1695,282,403,427,162,69,56,152,108,58,102,120,20,5183,0,0,0,125
3115,"Redwood Valley Rancheria, CA",246,29,8,3,12,4,5,24,13,17,62,92,10,8,8,3,8,1,11,4,8,9,128,19,50,0,0,0,49
3130,"Reno-Sparks Indian Colony and Off-Reservation Trust Land, NV",807,40,72,26,9,0,2,53,35,27,158,274,25,34,55,13,13,8,20,25,11,4,44,13,643,7,8,13,79
3145,"Resighini Rancheria, CA",39,23,0,0,3,0,0,23,21,0,7,27,0,2,2,0,0,2,0,2,0,21,2,0,32,0,0,0,5
3165,"Rincon Reservation and Off-Reservation Trust Land, CA",810,76,57,10,2,1,1,27,14,19,209,368,17,19,23,18,2,2,23,21,8,18,168,64,340,97,0,13,128
3185,"Roaring Creek Rancheria, CA",9,0,0,2,0,0,0,2,0,2,2,0,2,0,0,0,0,0,0,0,0,0,2,0,7,0,0,0,0
3195,"Robinson Rancheria and Off-Reservation Trust Land, CA",590,63,7,0,0,1,5,27,20,4,92,270,41,19,45,14,0,0,12,0,0,1,31,0,537,11,0,7,4
3205,"Rocky Boy's Reservation and Off-Reservation Trust Land, MT",3613,272,235,99,53,18,25,344,131,52,795,1387,192,170,174,126,13,47,81,98,26,12,99,0,3377,2,0,0,135
3220,"Rohnerville (Rancheria) Trust Land, CA",86,0,0,0,0,0,0,2,0,2,17,27,1,1,7,0,0,1,3,0,0,0,5,0,69,0,0,0,12
3235,"Rosebud Indian Reservation and Off-Reservation Trust Land, SD",10303,616,823,365,182,73,177,905,322,363,1867,3183,641,620,506,311,109,46,196,229,75,103,881,1,8907,314,5,46,149
3250,"Round Valley Reservation and Off-Reservation Trust Land, CA",311,37,34,11,2,5,10,31,15,19,59,141,0,2,6,11,4,5,7,9,4,7,44,0,210,5,0,12,40
3265,"Rumsey Indian Rancheria, CA",21,3,0,0,0,0,0,0,3,0,5,6,2,3,2,0,0,1,0,0,0,0,1,0,20,0,0,0,0
3280,"Sac and Fox/Meskwaki Settlement and Off-Reservation Trust Land, IA",914,5,16,11,3,0,5,30,31,25,208,282,63,49,33,28,3,14,11,26,13,15,66,13,745,0,5,2,83
3285,"Sac and Fox Nation Reservation and Off-Reservation Trust Land, NE--KS",174,23,32,0,3,10,23,10,14,14,51,89,1,1,4,0,0,16,1,14,0,7,132,0,37,0,0,3,2
3305,"St. Croix Reservation and Off-Reservation Trust Land, WI",539,41,39,14,11,3,12,26,26,8,107,201,18,28,13,22,0,1,34,4,11,6,36,0,405,61,0,4,33
3320,"St. Regis Mohawk Reservation, NY",3639,74,40,68,212,28,142,185,77,240,945,1308,18,124,148,91,39,104,235,78,52,111,339,3,2916,206,0,0,175
3340,"Salt River Reservation, AZ",5949,381,905,122,63,0,35,196,377,402,1191,2187,287,138,256,138,52,88,123,96,52,116,1320,21,4025,0,0,84,499
3355,"San Carlos Reservation, AZ",10204,693,409,232,97,16,12,1000,232,101,2072,3262,410,555,543,190,88,127,210,199,196,139,189,4,8904,41,0,7,1059
3370,"Sandia Pueblo, NM",5173,571,345,208,154,61,127,481,220,288,1424,2128,151,155,151,84,50,113,228,213,67,114,2414,37,686,11,6,982,1037
3400,"San Felipe Pueblo, NM",3224,219,193,208,25,20,66,415,115,147,612,1262,110,129,158,68,35,109,114,149,57,15,595,0,2155,0,0,123,351
3415,"San Ildefonso Pueblo and Off-Reservation Trust Land, NM",2223,196,154,41,73,35,110,166,112,123,592,903,99,77,34,78,22,38,74,51,22,60,802,27,684,10,1,130,569
3445,"San Manuel Reservation and Off-Reservation Trust Land, CA",46,2,2,0,0,0,2,1,1,1,10,24,0,0,2,3,0,0,3,4,0,0,5,0,35,0,0,2,4
3460,"San Pasqual Reservation and Off-Reservation Trust Land, CA",934,39,55,15,7,0,0,44,26,24,203,365,26,40,34,40,0,0,28,32,4,14,242,0,498,10,3,11,170
3480,"Santa Ana Pueblo, NM",1097,40,50,38,9,16,26,20,19,15,197,465,33,28,53,33,4,24,12,13,21,14,23,0,1041,0,0,0,33
3495,"Santa Clara Pueblo and Off-Reservation Trust Land, NM",11842,960,1072,698,494,195,246,1340,706,897,2461,4664,315,401,511,353,133,142,453,343,215,221,4150,41,1434,72,0,4525,1620
3520,"Santa Rosa Rancheria, CA",870,38,13,0,13,0,0,46,14,12,129,263,31,48,57,40,2,3,3,13,0,11,99,3,618,16,6,52,76
3525,"Santa Rosa Reservation, CA",39,0,3,0,4,0,0,1,1,3,9,17,0,0,0,5,0,0,3,4,0,2,4,0,31,0,0,4,0
3540,"Santa Ynez Reservation, CA",236,30,19,0,2,0,2,4,11,14,44,66,12,9,5,12,4,0,2,10,0,2,23,0,168,3,0,5,37
3550,"Santa Ysabel Reservation, CA",176,16,18,7,2,1,2,19,5,6,45,79,3,3,6,1,0,7,1,8,0,1,39,1,127,5,0,0,4
3565,"Santee Reservation, NE",842,64,65,28,30,8,34,34,35,29,169,294,28,50,41,23,10,5,24,17,10,8,204,2,569,1,1,21,44
3585,"Santo Domingo Pueblo, NM",2961,88,101,97,35,20,125,246,35,47,530,955,138,81,159,75,16,19,66,87,24,25,50,0,2007,0,0,0,904
3625,"Sauk-Suiattle Reservation, WA",45,12,7,0,0,0,0,0,4,2,10,27,1,1,0,0,0,0,2,0,0,1,4,0,35,0,0,0,6
3635,"Sault Ste. Marie Reservation and Off-Reservation Trust Land, MI",2219,153,104,142,113,32,6,53,33,64,509,602,95,127,83,65,24,20,54,26,11,12,534,34,847,33,0,39,732
3665,"Seminole (FL) Trust Land, FL",0,0,0,0,0,0,0,0,0,0,0,0,0,0,0,0,0,0,0,0,0,0,0,0,0,0,0,0,0
3680,"Shakopee Mdewakanton Sioux Community and Off-Reservation Trust Land, MN--SD",594,13,8,2,0,0,0,15,10,47,116,228,18,20,16,9,5,10,5,8,4,4,211,18,222,10,2,8,123
3735,"Sherwood Valley Rancheria and Off-Reservation Trust Land, CA",169,13,3,0,0,0,1,9,1,5,32,78,8,4,9,0,0,4,6,4,1,3,15,1,119,4,0,2,28
3750,"Shingle Springs Rancheria and Off-Reservation Trust Land, CA",111,5,8,0,0,0,0,6,1,2,30,35,6,4,3,3,0,2,0,0,0,2,28,3,56,0,0,0,24
3780,"Shoalwater Bay Indian Reservation and Off-Reservation Trust Land, WA",94,13,3,4,0,0,4,5,9,8,14,50,0,2,12,7,4,1,0,6,0,4,33,0,61,0,0,0,0
3795,"Siletz Reservation and Off-Reservation Trust Land, OR",577,45,15,2,6,0,1,100,29,31,161,166,40,16,14,9,6,9,9,7,7,8,64,0,372,1,4,17,119
3825,"Skokomish Reservation and Off-Reservation Trust Land, WA",776,73,45,24,4,6,25,35,23,14,200,272,16,22,33,16,6,3,19,22,6,15,196,2,346,1,0,8,223
3840,"Skull Valley Reservation, UT",23,0,8,0,1,1,4,7,8,0,5,13,0,0,0,0,0,0,0,1,7,2,7,0,16,0,0,0,0
3855,"Smith River Rancheria and Off-Reservation Trust Land, CA",132,2,4,3,4,0,0,11,5,15,29,45,0,0,0,5,0,2,2,11,1,2,15,0,104,0,0,0,13
3860,"Snoqualmie Reservation and Off-Reservation Trust Land, WA",0,0,0,0,0,0,0,0,0,0,0,0,0,0,0,0,0,0,0,0,0,0,0,0,0,0,0,0,0
3870,"Soboba Reservation and Off-Reservation Trust Land, CA",177,25,5,3,1,0,3,4,2,14,31,55,12,2,9,5,3,2,4,4,0,1,21,2,142,0,0,4,8
3885,"Sokaogon Chippewa Community and Off-Reservation Trust Land, WI",480,55,14,6,1,2,0,34,19,31,95,176,15,31,18,8,2,9,8,38,9,11,58,4,395,0,0,2,21
3925,"Southern Ute Reservation, CO",13528,1033,801,270,291,208,347,1092,783,598,3452,5762,242,322,525,402,264,348,615,516,230,286,10451,5,1435,70,1,604,962
3930,"South Fork Reservation and Off-Reservation Trust Land, NV",58,13,7,1,1,0,0,9,1,0,19,17,0,1,0,0,0,2,1,0,0,2,6,0,50,0,0,0,2
3935,"Spirit Lake Reservation, ND",4042,251,380,161,52,37,97,231,141,20,759,1283,241,226,277,131,15,25,105,134,39,18,557,3,3237,31,9,0,205
3940,"Spokane Reservation and Off-Reservation Trust Land, WA",2017,128,200,39,46,7,14,214,109,121,478,718,79,75,64,35,26,31,57,43,24,22,402,22,1400,22,3,6,162
3955,"Squaxin Island Reservation and Off-Reservation Trust Land, WA",389,31,21,3,5,1,2,8,17,6,92,127,13,18,22,6,3,3,6,4,1,2,80,5,153,0,20,12,119
3970,"Standing Rock Reservation, SD--ND",7817,359,532,315,181,86,379,498,281,211,1562,2713,355,301,522,254,67,103,221,231,115,97,1584,14,6026,0,0,20,173
3980,"Stewart Community, NV",299,29,6,0,0,0,4,22,1,3,119,101,7,3,5,4,3,7,24,4,9,0,36,0,224,0,7,1,31
3985,"Stewarts Point Rancheria and Off-Reservation Trust Land, CA",39,0,0,0,0,0,1,0,0,0,6,17,0,5,0,0,0,0,0,2,0,2,0,0,39,0,0,0,0
4000,"Stillaguamish Reservation and Off-Reservation Trust Land, WA",2,1,1,0,0,0,0,1,2,0,0,2,0,0,0,0,0,0,0,0,1,0,1,0,1,0,0,0,0
4015,"Stockbridge Munsee Community and Off-Reservation Trust Land, WI",639,30,99,30,0,4,13,62,63,36,148,288,26,12,16,6,9,15,26,16,8,21,114,3,449,0,0,0,73
4030,"Sulphur Bank Rancheria, CA",3,4,2,0,1,0,0,0,1,2,0,1,0,0,0,0,0,0,0,0,0,0,2,0,0,0,1,0,0
4045,"Summit Lake Reservation and Off-Reservation Trust Land, NV",0,1,0,0,0,0,0,0,0,0,0,0,0,0,0,0,0,0,0,0,0,0,0,0,0,0,0,0,0
4060,"Susanville Indian Rancheria and Off-Reservation Trust Land, CA",571,34,30,11,88,10,8,28,41,31,116,189,38,26,10,10,2,4,6,23,3,9,260,6,194,2,29,2,78
4075,"Swinomish Reservation and Off-Reservation Trust Land, WA",3179,340,442,137,92,41,56,57,188,230,974,1338,55,76,73,30,52,70,110,87,46,69,2272,24,574,29,6,14,260
4090,"Sycuan Reservation and Off-Reservation Trust Land, CA",126,1,0,1,0,0,0,0,1,2,27,52,0,9,11,2,4,4,3,6,0,0,27,0,38,1,0,29,31
4095,"Table Bluff Reservation, CA",113,0,0,0,0,0,1,7,4,6,22,30,2,6,8,0,0,1,4,3,2,0,13,0,76,0,0,0,24
4110,"Table Mountain Rancheria and Off-Reservation Trust Land, CA",0,0,1,0,0,0,0,0,0,0,0,0,0,0,0,0,0,0,0,0,0,0,0,0,0,0,0,0,0
4130,"Tampa Reservation, FL",0,0,0,0,0,0,0,0,0,0,0,0,0,0,0,0,0,0,0,0,0,0,0,0,0,0,0,0,0
4140,"Taos Pueblo and Off-Reservation Trust Land, NM",5110,474,510,281,294,193,622,384,393,583,849,2112,178,71,117,72,36,197,115,134,66,103,2714,7,1429,20,0,397,543
4170,"Tesuque Pueblo and Off-Reservation Trust Land, NM",1196,71,62,20,4,17,37,84,38,51,246,446,30,48,49,12,20,74,19,18,12,5,324,0,629,5,0,164,74
4180,"Timbi-Sha Shoshone Reservation and Off-Reservation Trust Land, CA--NV",16,2,1,4,0,0,6,7,2,3,4,9,0,0,0,0,0,0,0,2,0,0,0,0,14,0,0,0,2
4200,"Tohono O'odham Nation Reservation and Off-Reservation Trust Land, AZ",10052,718,925,223,148,172,132,869,266,234,2183,3495,343,433,363,374,26,86,260,208,65,176,1268,51,7677,54,93,295,614
4225,"Tonawanda Reservation, NY",352,8,15,15,9,0,94,97,59,35,91,169,0,0,5,0,10,31,7,26,0,0,42,0,227,35,0,0,48
4235,"Tonto Apache Reservation and Off-Reservation Trust Land, AZ",102,19,2,2,0,0,0,16,21,0,19,51,6,0,3,5,0,2,12,4,2,0,16,0,80,0,0,4,2
4255,"Torres-Martinez Reservation, CA",2859,427,223,75,36,66,11,262,249,138,630,1186,99,128,114,39,38,24,72,110,49,34,260,29,87,10,0,1391,1082
4275,"Trinidad Rancheria and Off-Reservation Trust Land, CA",80,10,0,0,2,0,0,9,5,7,16,30,3,2,4,0,0,1,1,1,0,3,8,0,63,0,0,0,9
4290,"Tulalip Reservation and Off-Reservation Trust Land, WA",10296,599,691,472,282,107,201,203,425,279,2711,4294,336,238,348,195,115,225,424,397,235,310,6451,83,1889,294,35,279,1265
4300,"Tule River Reservation and Off-Reservation Trust Land, CA",1013,36,50,0,5,3,0,108,54,11,209,394,45,41,53,27,7,4,27,48,10,31,151,0,749,0,3,10,100
4315,"Tunica-Biloxi Reservation and Off-Reservation Trust Land, LA",323,9,20,7,18,2,0,5,8,14,73,122,5,15,26,11,0,0,42,8,0,3,66,11,193,0,2,7,44
4330,"Tuolumne Rancheria, CA",364,23,20,19,9,0,0,18,11,9,87,99,13,20,11,10,18,5,2,0,0,2,90,0,188,0,10,15,61
4345,"Turtle Mountain Reservation and Off-Reservation Trust Land, ND--MT--SD",7654,467,602,266,95,29,102,331,223,184,1620,2581,320,391,458,254,55,73,125,231,131,91,176,87,7165,42,0,0,184
4360,"Tuscarora Nation Reservation, NY",662,117,6,29,43,0,119,80,49,113,193,270,0,0,0,22,31,21,6,43,0,28,109,0,190,168,0,0,195
4375,"Twenty-Nine Palms Reservation and Off-Reservation Trust Land, CA",12,2,0,0,0,0,0,0,0,9,2,2,0,0,0,0,0,0,0,0,0,0,1,0,2,0,0,9,0
4390,"Uintah and Ouray Reservation and Off-Reservation Trust Land, UT",25222,1698,2621,703,555,496,537,900,956,790,6171,9198,945,1291,1201,655,273,305,599,667,359,396,21255,74,1965,153,85,482,1208
4405,"Umatilla Reservation and Off-Reservation Trust Land, OR--WA",2997,140,254,106,131,42,90,135,77,125,706,1089,76,103,88,67,58,62,39,92,44,65,1297,0,1291,41,13,62,293
4430,"Upper Lake Rancheria, CA",114,7,7,0,2,2,4,5,4,5,24,37,0,12,10,3,0,5,1,0,2,4,57,2,50,1,0,0,4
4445,"Upper Sioux Community and Off-Reservation Trust Land, MN",136,2,5,3,0,6,7,4,17,18,32,57,7,6,6,2,0,0,7,0,0,8,13,0,90,0,0,1,32
4455,"Upper Skagit Reservation and Off-Reservation Trust Land, WA",156,26,6,3,2,0,5,25,7,5,46,54,4,8,9,0,5,0,8,3,4,2,17,4,113,1,1,3,17
4470,"Ute Mountain Reservation and Off-Reservation Trust Land, CO--NM--UT",1751,69,128,114,4,0,41,247,53,78,346,501,123,172,119,40,28,24,0,18,0,4,104,6,1612,6,0,0,23
4500,"Viejas Reservation and Off-Reservation Trust Land, CA",237,27,10,4,0,0,0,13,10,9,53,96,1,9,8,4,0,3,5,10,12,0,64,0,113,0,0,3,57
4515,"Walker River Reservation, NV",1084,102,93,33,14,12,0,77,49,72,232,334,44,42,59,5,9,25,33,18,14,8,116,57,881,0,0,7,23
4530,"Wampanoag-Aquinnah Trust Land, MA",107,15,0,2,0,2,2,0,4,4,40,38,0,0,4,5,0,0,2,13,0,0,53,4,35,0,0,0,15
4545,"Warm Springs Reservation and Off-Reservation Trust Land, OR",3229,174,237,43,94,20,16,162,77,27,719,1188,77,141,275,52,25,41,82,92,7,52,157,0,2766,0,15,115,176
4560,"Washoe Ranches Trust Land, NV--CA",3303,276,356,70,22,5,0,100,211,145,909,1414,100,92,67,22,57,141,101,159,74,118,2650,40,43,46,2,174,348
4580,"Wells Colony, NV",67,14,3,1,1,0,2,3,7,2,18,31,0,1,0,0,2,1,3,2,1,0,14,0,49,0,1,2,1
4595,"White Earth Reservation and Off-Reservation Trust Land, MN",9877,739,957,561,363,327,636,607,567,479,2369,3654,366,502,404,276,170,200,251,308,138,208,4361,30,3700,50,13,35,1688
4610,"Wind River Reservation and Off-Reservation Trust Land, WY",26130,1693,2406,957,880,709,711,1253,1501,1212,6000,10221,835,1075,1077,596,312,530,719,623,510,532,16369,123,6963,170,28,762,1715
4625,"Winnebago Reservation and Off-Reservation Trust Land, NE--IA",2533,131,244,50,51,60,162,156,101,93,601,920,92,104,158,104,21,42,36,67,20,54,718,14,1625,37,0,18,121
4635,"Winnemucca Indian Colony, NV",32,4,20,0,3,0,0,5,10,4,8,18,0,0,0,2,0,0,1,0,8,0,5,0,18,0,0,1,8
4665,"Woodfords Community, CA",443,32,22,0,0,1,0,14,12,1,50,153,12,33,34,9,15,28,4,19,0,1,24,0,378,0,0,0,41
4680,"XL Ranch Rancheria, CA",19,0,4,1,0,2,0,2,2,2,4,7,0,0,0,0,1,0,0,1,0,0,3,0,12,4,0,0,0
4690,"Yakama Nation Reservation and Off-Reservation Trust Land, WA",30386,970,1499,1184,1002,742,1309,1006,739,612,6685,11685,1117,1384,1274,944,419,342,818,893,239,427,11534,65,5476,431,164,5861,6855
4700,"Yankton Reservation, SD",6766,245,333,261,244,93,647,396,301,262,1356,2404,270,332,276,161,90,80,141,239,101,107,3367,12,2683,20,5,38,641
4708,"Yavapai-Apache Nation Reservation, AZ",1085,100,32,22,0,0,0,82,24,11,276,343,66,51,53,3,4,17,24,9,14,15,141,13,697,3,0,36,195
4710,"Yavapai-Prescott Reservation, AZ",551,40,19,1,0,0,1,5,3,11,94,133,24,46,42,24,2,0,5,5,7,0,76,0,215,0,0,55,205
4725,"Yerington Colony, NV",209,25,18,15,4,0,0,15,11,10,49,74,5,14,12,12,5,1,1,5,2,6,11,0,173,0,1,6,18
4740,"Yomba Reservation, NV",23,0,1,0,2,0,0,5,2,5,6,15,0,0,0,0,0,0,0,5,2,2,5,0,18,0,0,0,0
4755,"Ysleta del Sur Pueblo and Off-Reservation Trust Land, TX",1061,6,117,4,6,0,3,53,21,38,288,353,39,46,16,16,0,7,42,24,11,9,135,7,682,11,0,98,128
4760,"Yurok Reservation, CA",763,112,79,107,60,13,12,75,49,48,174,254,22,43,12,10,16,32,16,15,7,21,352,0,334,0,0,5,72
4770,"Zia Pueblo and Off-Reservation Trust Land, NM",899,42,71,35,20,4,12,89,26,20,171,302,39,37,14,22,5,1,12,39,5,14,3,0,890,1,0,0,5
4785,"Zuni Reservation and Off-Reservation Trust Land, NM--AZ",8134,277,583,230,73,146,65,776,120,84,1549,2797,307,299,442,150,52,50,327,201,80,150,89,0,7850,41,0,47,107
4910,"Kickapoo (KS) Reservation/Sac and Fox Nation Trust Land joint-use area, KS",0,0,0,0,0,0,0,0,0,0,0,0,0,0,0,0,0,0,0,0,0,0,0,0,0,0,0,0,0
4930,"San Felipe Pueblo/Santa Ana Pueblo joint-use area, NM",0,0,0,0,0,0,0,0,0,0,0,0,0,0,0,0,0,0,0,0,0,0,0,0,0,0,0,0,0
4940,"San Felipe Pueblo/Santo Domingo Pueblo joint-use area, NM",0,0,0,0,0,0,0,0,0,0,0,0,0,0,0,0,0,0,0,0,0,0,0,0,0,0,0,0,0
5003,"Anahola (Agricultural) Hawaiian Home Land, HI",296,30,10,0,0,0,0,0,2,23,54,70,33,5,22,0,0,6,4,5,0,1,50,0,0,3,88,0,155
5004,"Anahola (Residential) Hawaiian Home Land, HI",2285,57,125,62,105,6,17,57,34,50,497,849,68,89,76,35,54,16,72,120,36,52,170,0,0,115,1317,3,680
5008,"East Kapolei Hawaiian Home Land, HI",747,0,0,0,0,0,0,2,2,0,125,266,3,45,38,24,0,0,34,31,17,2,1,0,0,97,243,0,406
5009,"Haiku Hawaiian Home Land, HI",0,0,0,0,0,0,0,0,0,0,0,0,0,0,0,0,0,0,0,0,0,0,0,0,0,0,0,0,0
5011,"Hanapepe Hawaiian Home Land, HI",42,0,0,0,0,0,1,0,0,0,4,26,0,0,0,4,0,0,0,0,4,0,0,0,0,42,0,0,0
5018,"Homuula-Upper Piihonua Hawaiian Home Land, HI",0,0,0,0,0,2,0,0,0,0,0,0,0,0,0,0,0,0,0,0,0,0,0,0,0,0,0,0,0
5026,"Honokaia Hawaiian Home Land, HI",0,0,0,0,0,0,0,0,0,0,0,0,0,0,0,0,0,0,0,0,0,0,0,0,0,0,0,0,0
5029,"Honokowai Hawaiian Home Land, HI",0,0,0,0,0,0,0,0,0,0,0,0,0,0,0,0,0,0,0,0,0,0,0,0,0,0,0,0,0
5030,"Honolulu Makai Hawaiian Home Land, HI",0,0,0,0,0,0,0,0,0,0,0,0,0,0,0,0,0,0,0,0,0,0,0,0,0,0,0,0,0
5031,"Honomu Hawaiian Home Land, HI",0,0,0,0,0,0,0,0,0,0,0,0,0,0,0,0,0,0,0,0,0,0,0,0,0,0,0,0,0
5033,"Hoolehua-Palaau Hawaiian Home Land, HI",1436,31,104,47,28,23,24,91,33,42,329,549,56,56,66,43,28,21,23,46,18,20,48,0,4,17,1030,8,329
5041,"Kahikinui Hawaiian Home Land, HI",2,0,0,0,0,0,0,0,2,0,0,2,0,0,0,0,0,0,0,0,0,0,2,0,0,0,0,0,0
5043,"Kakaina-Kumuhau Hawaiian Home Land, HI",287,0,0,0,0,0,0,0,10,48,54,78,1,18,10,3,0,2,8,9,0,0,3,0,0,5,107,0,172
5044,"Kalaeloa Hawaiian Home Land, HI",8,0,0,0,0,0,0,0,0,0,0,4,0,0,0,8,0,0,0,0,0,0,0,0,0,0,6,0,2
5046,"Kalamaula Hawaiian Home Land, HI",478,2,25,18,2,4,26,10,5,23,101,173,11,11,11,3,16,2,10,9,28,10,8,0,0,49,242,0,179
5048,"Kalaoa Hawaiian Home Land, HI",0,0,0,0,0,0,0,0,0,0,0,0,0,0,0,0,0,0,0,0,0,0,0,0,0,0,0,0,0
5051,"Kalaupapa Hawaiian Home Land, HI",50,2,1,5,19,5,46,3,21,4,3,34,0,0,0,0,1,0,2,4,2,1,19,1,9,6,6,0,9
5053,"Kalawahine Hawaiian Home Land, HI",356,3,5,0,1,0,0,2,5,6,88,165,5,5,8,5,11,6,5,18,2,16,32,0,0,14,107,2,201
5056,"Kamaoa-Puueo Hawaiian Home Land, HI",0,0,0,0,0,0,0,0,0,0,0,0,0,0,0,0,0,0,0,0,0,0,0,0,0,0,0,0,0
5061,"Kamiloloa-Makakupaia Hawaiian Home Land, HI",51,9,14,3,3,16,0,1,11,5,17,26,0,0,0,0,0,0,0,5,0,2,2,0,0,6,22,0,21
5066,"Kamoku-Kapulena Hawaiian Home Land, HI",24,2,2,1,4,0,0,2,2,2,8,12,0,0,2,2,1,1,1,1,0,0,2,0,0,0,14,0,8
5067,"Kanehili Hawaiian Home Land, HI",2173,0,0,0,0,0,0,42,5,18,523,831,170,75,103,46,8,21,6,48,38,48,80,0,0,67,1005,23,998
5069,"Kaohe-Olaa Hawaiian Home Land, HI",0,0,0,0,0,0,0,0,0,0,0,0,0,0,0,0,0,0,0,0,0,0,0,0,0,0,0,0,0
5071,"Kapaa Hawaiian Home Land, HI",0,0,0,0,0,0,0,0,0,0,0,0,0,0,0,0,0,0,0,0,0,0,0,0,0,0,0,0,0
5076,"Kapaakea Hawaiian Home Land, HI",118,6,15,3,17,3,0,6,2,11,28,48,6,4,3,5,2,1,5,2,0,0,5,0,0,0,95,0,18
5083,"Kapolei Hawaiian Home Land, HI",0,0,0,0,0,0,0,0,0,0,0,0,0,0,0,0,0,0,0,0,0,0,0,0,0,0,0,0,0
5086,"Kaumana Hawaiian Home Land, HI",174,0,0,0,0,0,0,3,7,6,53,72,2,9,13,1,1,1,6,8,1,0,5,0,0,12,55,0,102
5088,"Kaupea Hawaiian Home Land, HI",1482,2,0,4,3,0,0,9,10,10,347,524,56,50,62,22,8,17,68,42,12,7,44,15,0,89,625,0,709
5091,"Kawaihae Hawaiian Home Land, HI",753,14,0,3,0,0,1,6,15,13,170,262,69,42,18,9,7,2,7,29,8,12,30,2,0,24,347,2,348
5098,"Keahuolu Hawaiian Home Land, HI",0,0,0,0,0,0,0,0,0,0,0,0,0,0,0,0,0,0,0,0,0,0,0,0,0,0,0,0,0
5101,"Kealakehe Hawaiian Home Land, HI",1533,12,2,4,0,0,0,66,17,36,377,535,70,51,28,22,10,16,32,36,23,47,54,0,1,30,861,7,580
5104,"Keanae-Wailuanui Hawaiian Home Land, HI",4,0,1,0,0,0,2,1,0,0,1,0,0,0,0,0,0,0,0,0,0,0,0,0,0,0,4,0,0
5106,"Keaukaha Hawaiian Home Land, HI",1955,83,158,13,37,20,15,43,44,38,391,673,105,69,68,45,31,20,47,32,19,41,68,6,0,43,825,6,1007
5111,"Kekaha Hawaiian Home Land, HI",486,0,28,15,3,0,0,7,10,0,94,198,11,21,26,11,0,11,31,23,16,12,11,0,2,12,231,0,230
5114,"Keokea (Agricultural) Hawaiian Home Land, HI",215,3,5,0,0,0,1,0,0,0,27,66,2,2,3,2,3,2,0,2,0,0,15,0,0,10,50,4,136
5116,"Keoniki Hawaiian Home Land, HI",0,0,0,0,0,0,0,0,0,0,0,0,0,0,0,0,0,0,0,0,0,0,0,0,0,0,0,0,0
5120,"Kewalo Hawaiian Home Land, HI",280,1,9,10,2,4,0,1,0,0,52,115,8,3,25,0,5,2,13,2,2,7,6,2,0,8,154,0,110
5133,"Lalamilo Hawaiian Home Land, HI",79,0,0,0,0,0,0,6,0,4,27,32,0,1,4,0,0,0,3,0,5,4,3,0,0,3,34,0,39
5134,"Lanai City Hawaiian Home Land, HI",144,0,0,0,0,0,0,0,2,0,47,51,0,5,0,0,0,0,0,36,0,3,42,0,0,7,51,0,44
5135,"Leialii Hawaiian Home Land, HI",443,2,0,4,1,4,0,4,7,2,87,169,18,34,24,16,3,1,18,6,7,12,42,0,0,40,115,3,243
5136,"Lualualei Hawaiian Home Land, HI",52,3,0,0,0,0,1,2,0,0,11,28,0,1,2,4,11,7,0,0,0,0,0,0,0,9,31,0,12
5138,"Maili Hawaiian Home Land, HI",12,0,0,0,0,0,0,0,0,0,0,0,0,0,0,2,0,0,0,0,0,0,10,0,0,0,2,0,0
5139,"Makaha Valley Hawaiian Home Land, HI",0,0,0,0,0,0,0,0,0,0,0,0,0,0,0,0,0,0,0,0,0,0,0,0,0,0,0,0,0
5146,"Makuu Hawaiian Home Land, HI",125,5,12,0,0,0,0,2,6,3,26,53,13,7,3,2,0,6,0,0,0,3,4,0,0,10,68,5,38
5148,"Maluohai Hawaiian Home Land, HI",1280,0,5,5,0,0,0,12,10,14,261,500,35,54,37,40,11,8,36,68,8,1,16,8,0,103,627,3,523
5156,"Moloaa Hawaiian Home Land, HI",41,0,0,0,0,0,0,0,0,0,2,20,0,0,0,6,0,0,0,0,0,0,12,0,0,0,0,0,29
5161,"Nanakuli Hawaiian Home Land, HI",5557,139,391,166,67,12,15,108,56,38,1199,2155,230,240,126,145,35,78,142,178,53,115,149,14,0,227,3133,13,2021
5166,"Nienie Hawaiian Home Land, HI",0,0,0,0,0,0,0,0,0,0,0,0,0,0,0,0,0,0,0,0,0,0,0,0,0,0,0,0,0
5176,"Panaewa (Agricultural) Hawaiian Home Land, HI",886,47,16,6,2,0,0,22,23,25,162,326,18,48,28,14,4,12,17,11,14,24,43,9,4,66,353,1,410
5177,"Panaewa (Residential) Hawaiian Home Land, HI",1500,13,116,34,37,12,4,53,16,48,343,620,10,60,98,47,8,53,25,51,8,38,29,0,0,57,852,2,560
5179,"Papakolea Hawaiian Home Land, HI",1284,32,89,54,34,47,6,32,46,13,261,504,48,46,40,19,2,17,26,57,11,14,28,0,0,67,673,0,516
5181,"Pauahi Hawaiian Home Land, HI",0,0,0,0,0,0,0,0,0,0,0,0,0,0,0,0,0,0,0,0,0,0,0,0,0,0,0,0,0
5186,"Paukukalo Hawaiian Home Land, HI",975,54,33,40,4,2,0,18,18,11,153,369,26,31,13,23,4,9,46,20,10,17,32,1,1,46,409,0,486
5193,"Piihonua Hawaiian Home Land, HI",81,0,0,0,0,0,0,0,1,0,18,33,2,4,0,2,1,2,1,1,1,3,2,0,0,3,13,0,63
5196,"Ponohawaii Hawaiian Home Land, HI",24,0,2,0,0,0,0,0,0,0,4,12,4,0,0,0,0,2,0,2,2,0,3,0,0,5,0,0,16
5198,"Princess Kahanu Estates Hawaiian Home Land, HI",1304,19,10,8,6,0,2,22,10,17,267,503,73,50,65,33,7,14,30,43,26,24,34,3,3,57,662,0,545
5199,"Pulehunui Hawaiian Home Land, HI",0,0,0,0,0,0,0,0,0,0,0,0,0,0,0,0,0,0,0,0,0,0,0,0,0,0,0,0,0
5201,"Puukapu Hawaiian Home Land, HI",888,13,48,3,30,10,0,67,5,15,228,311,24,23,36,13,4,11,21,24,9,3,41,3,0,30,550,0,264
5213,"South Maui Hawaiian Home Land, HI",0,0,2,0,0,0,0,0,0,0,0,0,0,0,0,0,0,0,0,0,0,0,0,0,0,0,0,0,0
5216,"Ualapue Hawaiian Home Land, HI",0,0,0,0,0,0,0,0,0,0,0,0,0,0,0,0,0,0,0,0,0,0,0,0,0,0,0,0,0
5222,"Upolu Hawaiian Home Land, HI",0,0,0,0,0,0,0,0,0,0,0,0,0,0,0,0,0,0,0,0,0,0,0,0,0,0,0,0,0
5223,"Waiahole Hawaiian Home Land, HI",53,0,0,0,0,0,0,0,0,0,13,20,0,0,0,0,2,0,8,2,0,2,2,0,0,2,25,0,24
5236,"Waiakea Hawaiian Home Land, HI",0,0,0,0,0,0,0,0,0,0,0,0,0,0,0,0,0,0,0,0,0,0,0,0,0,0,0,0,0
5238,"Waianae Hawaiian Home Land, HI",2477,141,159,4,3,11,0,12,15,19,444,903,130,80,130,55,29,25,67,69,10,16,67,0,2,106,1418,7,877
5239,"Waianae Kai Hawaiian Home Land, HI",621,64,2,1,2,0,0,13,15,9,124,233,20,19,20,23,6,3,26,32,12,20,14,2,0,5,343,0,257
5240,"Waiawa Hawaiian Home Land, HI",2,0,2,0,0,0,0,0,2,0,0,2,0,0,0,0,0,0,0,0,0,0,0,0,0,2,0,0,0
5241,"Waiehu Hawaiian Home Land, HI",1548,20,1,0,3,0,0,12,20,31,309,561,81,83,35,28,10,32,37,47,17,18,47,0,2,98,726,10,665
5248,"Waiku-Hana Hawaiian Home Land, HI",0,0,0,0,0,0,0,0,0,0,0,0,0,0,0,0,0,0,0,0,0,0,0,0,0,0,0,0,0
5251,"Wailau Hawaiian Home Land, HI",0,0,0,0,0,0,0,0,0,0,0,0,0,0,0,0,0,0,0,0,0,0,0,0,0,0,0,0,0
5256,"Wailua Hawaiian Home Land, HI",0,0,0,0,0,0,0,0,0,0,0,0,0,0,0,0,0,0,0,0,0,0,0,0,0,0,0,0,0
5271,"Waimanalo Hawaiian Home Land, HI",3308,51,147,128,91,21,19,131,40,62,661,1293,90,99,158,72,47,73,128,110,27,49,93,0,3,88,1529,7,1588
5276,"Waimanu Hawaiian Home Land, HI",0,0,0,0,0,0,0,0,0,0,0,0,0,0,0,0,0,0,0,0,0,0,0,0,0,0,0,0,0
5281,"Waimea Hawaiian Home Land, HI",0,0,0,0,0,0,0,0,0,0,0,0,0,0,0,0,0,0,0,0,0,0,0,0,0,0,0,0,0
5283,"Waiohinu Hawaiian Home Land, HI",0,0,0,0,0,0,0,0,0,0,0,0,0,0,0,0,0,0,0,0,0,0,0,0,0,0,0,0,0
5286,"Waiohuli (Residential) Hawaiian Home Land, HI",1789,4,8,0,8,0,0,16,6,17,351,603,84,47,161,43,8,11,28,49,17,35,173,0,1,53,814,1,747
5540,"Caddo-Wichita-Delaware OTSA, OK",15503,1068,1505,1055,519,282,730,943,808,859,3510,7376,419,479,477,296,175,295,571,542,239,341,11565,360,1298,8,0,783,1489
5550,"Cherokee OTSA, OK",512883,31759,38527,22787,25389,11012,13258,31083,24396,28298,130726,199020,15881,17108,19319,11725,5752,8356,15880,16466,6523,10105,310901,28525,86610,7018,592,17302,61935
5560,"Cheyenne and Arapaho OTSA, OK",189756,11470,15019,7725,6521,3954,6951,6367,8476,9417,48441,75032,5489,6600,6762,3912,1938,2747,5487,5727,2494,3565,149369,6310,7116,2050,234,6684,17993
5580,"Chickasaw OTSA, OK",309367,20097,26889,14030,14163,8058,9560,18457,15114,17112,80168,119988,9762,9679,12166,6630,3585,4834,9144,9535,4366,6067,233890,7882,23047,1834,236,6904,35574
5590,"Choctaw OTSA, OK",226971,16677,21364,10462,7515,4258,6752,17516,11632,13051,57475,89679,7093,7394,8307,4862,2730,3228,6842,7386,2692,4388,155710,7198,27749,1685,604,3837,30188
5600,"Citizen Potawatomi Nation-Absentee Shawnee OTSA, OK",125977,8812,7575,3940,2928,1197,1548,4670,4727,4559,33502,50442,3207,4081,5234,3030,1526,2456,4556,4338,1675,2679,96124,6302,8771,1271,60,1616,11833
5620,"Creek OTSA, OK",817734,53080,70782,38133,34010,15070,25109,30402,42780,53606,203637,314203,26964,27761,28703,16375,8463,11864,24092,24393,10129,14181,559000,57433,60493,25306,669,19764,95069
5640,"Eastern Shawnee OTSA, OK",769,74,56,20,18,11,34,41,27,60,206,291,26,31,22,9,19,14,24,30,2,19,529,7,164,2,0,8,59
5670,"Iowa OTSA, OK",7233,380,400,140,266,60,286,410,427,573,1774,2865,265,266,195,148,207,140,251,288,85,139,6239,125,466,3,0,90,310
5690,"Kaw OTSA, OK",5281,314,492,223,207,151,530,358,305,237,1375,2291,140,117,178,115,105,94,226,228,71,141,4308,13,487,19,0,80,374
5700,"Kickapoo OTSA, OK",26346,1757,1793,543,504,389,725,1603,1297,1123,6231,10568,972,823,845,413,514,452,837,957,375,471,20393,1045,2479,94,46,255,2034
5720,"Kiowa-Comanche-Apache-Fort Sill Apache OTSA, OK",188468,10409,15836,12553,10878,5883,6842,7892,10983,10455,44859,76991,6160,6732,5991,3733,1671,2387,5414,5748,2172,3422,122846,22042,8675,3462,582,7495,23366
5730,"Miami OTSA, OK",221,7,18,16,9,1,6,9,6,4,64,87,4,8,10,9,0,5,15,9,3,7,109,3,66,7,0,5,31
5740,"Modoc OTSA, OK",356,22,9,1,5,0,6,17,10,13,93,140,13,21,21,1,2,12,7,11,1,11,184,2,87,0,0,5,78
5760,"Otoe-Missouria OTSA, OK",1030,57,74,44,19,12,64,124,52,66,284,413,36,22,37,19,102,16,42,28,16,11,477,5,350,5,2,19,172
5770,"Ottawa OTSA, OK",5515,199,377,190,320,361,634,400,302,423,1161,2352,165,163,162,109,38,70,165,147,53,104,3524,176,1028,45,79,117,546
5780,"Pawnee OTSA, OK",15417,966,1688,751,569,365,955,1282,671,775,4181,6088,514,468,610,353,208,274,515,477,190,406,11806,84,1465,52,2,190,1818
5795,"Peoria OTSA, OK",4975,311,435,261,325,143,105,278,218,323,1281,1793,193,182,197,104,65,103,186,165,83,72,3352,50,892,30,49,78,524
5800,"Ponca OTSA, OK",2114,77,224,79,113,84,149,209,107,71,497,870,57,79,110,67,51,38,91,90,32,29,1204,0,570,2,0,103,235
5810,"Quapaw OTSA, OK",4908,273,375,290,318,179,243,439,237,284,1232,1775,183,200,212,150,37,77,138,114,41,88,2847,22,1100,33,12,345,549
5820,"Sac and Fox OTSA, OK",59037,2874,5034,2428,2801,1748,4079,3267,2991,3562,15291,23026,1730,2023,2068,1136,597,1041,1555,1846,1000,997,45100,1973,5852,357,62,636,5057
5830,"Seminole OTSA, OK",21209,1443,1842,892,779,878,1411,1860,1260,922,5235,8124,630,733,811,452,221,340,674,650,325,418,13911,889,4276,51,9,161,1912
5835,"Seneca-Cayuga OTSA, OK",4382,597,618,279,116,71,58,341,291,444,1166,1767,57,139,130,64,101,106,144,131,60,140,3372,5,582,2,22,26,373
5860,"Tonkawa OTSA, OK",3835,168,272,160,317,204,489,274,272,346,820,1547,109,141,132,79,45,46,148,95,41,77,2827,25,456,19,0,114,394
5890,"Wyandotte OTSA, OK",1901,164,152,55,50,28,82,150,102,138,465,734,52,72,76,40,31,50,42,34,24,37,1214,3,437,20,0,50,177
5915,"Creek/Seminole joint-use OTSA, OK",2383,136,184,154,79,106,146,192,166,130,514,913,109,73,79,58,68,27,39,82,35,40,1547,114,547,3,0,14,158
5950,"Kaw/Ponca joint-use OTSA, OK",26292,1619,2075,1829,2825,1189,1452,1509,1418,1585,6289,9921,866,905,919,524,278,300,701,797,280,436,19302,784,2110,230,16,706,3144
5955,"Kiowa-Comanche-Apache-Ft Sill Apache/Caddo-Wichita-Delaware joint-use OTSA, OK",9738,525,879,689,390,463,772,669,535,549,2121,4122,339,325,454,154,51,170,253,266,131,161,4298,609,2910,31,0,349,1541
5970,"Miami/Peoria joint-use OTSA, OK",4140,159,340,307,453,393,130,376,222,284,989,1465,229,173,145,47,33,51,88,109,58,70,2671,70,756,38,49,142,414
6015,"Akhiok ANVSA, AK",98,7,13,14,0,0,0,0,0,0,17,60,3,1,0,0,0,0,0,37,0,0,0,0,89,0,0,0,9
6020,"Akiachak ANVSA, AK",415,33,33,7,0,0,4,16,19,3,70,119,31,26,10,0,0,12,16,10,0,3,0,0,388,0,3,0,24
6025,"Akiak ANVSA, AK",298,32,6,3,1,0,0,14,9,2,53,105,15,13,26,17,3,2,10,6,3,3,5,0,293,0,0,0,0
6030,"Akutan ANVSA, AK",911,33,5,2,0,6,0,19,16,0,39,681,12,2,0,0,10,14,51,25,42,11,236,149,135,156,0,158,77
6035,"Alakanuk ANVSA, AK",1138,38,87,8,0,0,0,49,5,0,235,412,109,26,71,59,4,12,19,46,10,6,0,0,1093,0,2,0,43
6040,"Alatna ANVSA, AK",36,4,0,0,0,0,0,14,0,2,8,15,0,0,0,0,4,0,0,0,0,0,0,0,36,0,0,0,0
6045,"Aleknagik ANVSA, AK",121,21,20,4,3,2,0,11,6,0,30,46,1,7,2,2,4,2,1,10,0,3,4,0,79,0,0,0,38
6065,"Algaaciq ANVSA, AK",772,41,72,4,12,0,0,34,35,11,159,260,36,36,61,21,4,8,22,28,3,10,16,0,718,0,10,0,28
6070,"Allakaket ANVSA, AK",220,24,17,0,0,0,0,33,15,0,41,94,15,30,8,4,0,0,3,7,0,8,52,0,165,0,0,0,3
6075,"Ambler ANVSA, AK",277,21,41,0,0,0,0,32,10,11,61,88,9,22,8,2,0,13,5,6,5,2,44,0,229,0,0,0,4
6080,"Anaktuvuk Pass ANVSA, AK",222,27,32,1,4,0,0,13,6,3,58,87,25,15,4,16,6,1,1,5,0,3,7,0,176,0,0,0,39
6095,"Andreafsky ANVSA, AK",220,12,38,2,0,0,0,21,3,3,47,81,7,3,8,6,0,0,5,6,4,3,0,0,196,0,0,0,24
6100,"Angoon ANVSA, AK",419,73,91,11,10,2,30,67,25,24,109,183,13,7,8,0,5,24,15,8,8,20,46,0,293,0,0,0,80
6105,"Aniak ANVSA, AK",551,100,37,3,2,1,0,31,21,13,109,264,23,9,35,21,9,4,11,14,26,2,139,15,363,15,0,0,19
6125,"Anvik ANVSA, AK",74,22,9,9,1,0,0,9,6,2,19,30,5,3,0,1,0,0,0,4,2,2,1,0,73,0,0,0,0
6140,"Arctic Village ANVSA, AK",199,22,3,6,8,10,0,51,13,3,44,65,6,18,13,7,0,0,3,4,2,4,3,0,196,0,0,0,0
6150,"Atka ANVSA, AK",28,9,3,1,0,0,0,2,0,0,6,7,3,2,2,0,0,0,0,1,0,1,0,0,28,0,0,0,0
6160,"Atmautluak ANVSA, AK",34,1,8,3,0,0,0,0,0,0,6,13,0,0,5,0,0,0,0,2,0,0,0,0,34,0,0,0,0
6165,"Atqasuk ANVSA, AK",119,12,7,0,0,0,0,3,0,0,33,40,8,8,7,0,0,0,4,3,0,0,2,0,117,0,0,0,0
6175,"Barrow ANVSA, AK",4876,493,405,92,44,0,147,544,180,169,1078,1851,150,276,226,81,0,85,125,214,83,60,400,89,3158,489,147,51,542
6190,"Beaver ANVSA, AK",87,6,17,2,3,2,2,34,24,0,14,46,0,4,0,0,4,11,4,4,0,2,0,0,87,0,0,0,0
6195,"Belkofski ANVSA, AK",0,1,0,0,0,0,0,0,0,0,0,0,0,0,0,0,0,0,0,0,0,0,0,0,0,0,0,0,0
6205,"Bethel ANVSA, AK",6312,596,521,121,0,11,0,149,348,176,1268,2514,329,311,216,150,85,57,165,166,49,144,1032,185,4279,236,34,80,466
6225,"Bill Moore's ANVSA, AK",0,0,0,0,0,0,0,0,0,0,0,0,0,0,0,0,0,0,0,0,0,0,0,0,0,0,0,0,0
6235,"Birch Creek ANVSA, AK",3,3,6,2,0,0,0,3,3,0,0,3,0,0,0,0,0,0,0,0,0,0,0,0,3,0,0,0,0
6240,"Brevig Mission ANVSA, AK",625,39,22,2,0,3,0,26,10,2,115,179,43,51,22,9,8,11,0,29,11,5,15,0,585,0,0,0,25
6250,"Buckland ANVSA, AK",644,50,46,7,0,0,0,16,12,1,118,226,42,45,43,28,1,8,14,12,3,7,14,0,630,0,0,0,0
6255,"Cantwell ANVSA, AK",117,37,39,9,26,8,5,21,50,17,16,72,0,0,3,1,4,7,10,9,0,2,92,0,16,0,0,0,9
6257,"Canyon Village ANVSA, AK",0,0,0,0,0,0,0,0,0,0,0,0,0,0,0,0,0,0,0,0,0,0,0,0,0,0,0,0,0
6265,"Chalkyitsik ANVSA, AK",95,25,4,1,0,3,0,21,18,0,13,49,7,10,0,0,0,0,6,8,0,0,21,0,74,0,0,0,0
6275,"Chefornak ANVSA, AK",476,39,23,20,0,0,0,20,3,0,87,165,27,42,30,23,6,0,7,7,12,6,0,0,460,0,0,0,16
6280,"Chenega ANVSA, AK",58,24,7,0,0,0,2,6,7,0,13,27,2,4,0,0,3,0,0,0,0,0,17,0,24,0,0,0,17
6285,"Chevak ANVSA, AK",432,25,33,7,0,0,0,5,5,6,49,238,15,36,25,11,7,6,93,9,0,53,123,0,298,0,0,0,11
6290,"Chickaloon ANVSA, AK",26340,2414,1307,328,401,123,133,472,1049,1068,6739,10700,894,861,1063,625,363,421,872,983,373,455,20657,301,1860,371,155,426,2570
6295,"Chignik ANVSA, AK",54,29,18,11,4,2,5,1,4,0,17,20,3,0,2,0,1,0,0,10,0,0,7,0,19,16,0,0,12
6300,"Chignik Lagoon ANVSA, AK",39,33,18,13,2,1,0,0,0,0,12,14,0,0,0,0,0,5,0,2,0,0,6,0,26,0,0,0,7
6305,"Chignik Lake ANVSA, AK",30,19,7,2,0,2,2,4,0,2,9,12,2,1,1,1,0,3,2,0,0,0,1,0,22,0,0,0,7
6310,"Chilkat ANVSA, AK",67,16,18,5,1,1,2,7,12,1,15,34,0,1,3,4,4,1,4,4,2,0,10,0,37,0,0,0,20
6315,"Chilkoot ANVSA, AK",757,65,58,12,4,1,21,52,28,53,149,226,9,18,100,105,11,5,29,27,10,14,541,0,57,28,0,0,131
6325,"Chistochina ANVSA, AK",45,9,2,7,0,0,6,8,0,11,5,11,0,0,0,0,0,0,8,0,0,0,6,0,39,0,0,0,0
6330,"Chitina ANVSA, AK",71,15,26,4,6,2,10,14,26,4,15,39,7,0,0,0,4,3,0,2,7,4,33,0,11,0,0,0,27
6335,"Chuathbaluk ANVSA, AK",92,28,7,0,0,1,0,8,3,0,21,33,2,8,5,3,0,0,0,5,7,10,2,0,88,0,0,0,2
6340,"Chuloonawick ANVSA, AK",0,0,10,0,0,0,0,0,0,0,0,0,0,0,0,0,0,0,0,0,0,0,0,0,0,0,0,0,0
6350,"Circle ANVSA, AK",45,9,9,0,2,0,1,24,8,13,8,8,0,4,3,0,0,0,3,0,0,0,0,0,37,0,0,0,8
6360,"Clarks Point ANVSA, AK",31,14,10,3,4,4,0,2,1,4,4,6,2,3,0,0,1,2,1,0,0,0,1,0,30,0,0,0,0
6365,"Copper Center ANVSA, AK",435,82,46,10,1,2,7,15,16,17,113,200,5,20,18,4,4,15,5,49,10,7,196,1,185,1,0,0,52
6380,"Council ANVSA, AK",0,15,11,0,0,0,11,0,0,0,0,0,0,0,0,0,0,0,0,0,0,0,0,0,0,0,0,0,0
6385,"Craig ANVSA, AK",1280,204,191,51,9,8,19,99,138,86,318,577,29,26,31,33,18,52,45,36,26,31,764,7,198,27,0,18,266
6390,"Crooked Creek ANVSA, AK",28,6,2,0,0,1,0,8,2,0,9,14,0,5,0,0,0,0,4,0,0,1,0,0,24,0,0,0,4
6400,"Deering ANVSA, AK",189,11,23,4,0,0,5,10,3,5,37,62,13,10,10,6,0,2,2,2,0,0,1,0,183,1,0,0,4
6405,"Dillingham ANVSA, AK",2285,352,268,38,16,17,23,84,105,60,512,814,90,113,87,47,8,19,52,99,16,41,617,12,1278,60,3,2,313
6415,"Dot Lake ANVSA, AK",0,2,5,2,0,0,0,0,0,0,0,0,0,0,0,0,0,0,0,0,0,0,0,0,0,0,0,0,0
6420,"Douglas ANVSA, AK",6492,956,577,223,227,55,145,95,424,461,1619,2781,173,217,166,81,74,122,205,198,57,159,4200,95,820,297,50,83,947
6430,"Eagle ANVSA, AK",68,16,6,0,5,0,0,20,12,2,12,41,3,7,5,0,0,12,0,0,12,5,14,0,27,0,0,0,27
6440,"Eek ANVSA, AK",475,15,24,0,0,2,0,27,8,7,91,169,12,32,41,6,0,0,27,7,6,18,0,0,462,0,0,0,13
6445,"Egegik ANVSA, AK",46,128,30,8,1,7,0,5,3,2,5,37,0,0,0,0,0,0,9,2,0,7,20,0,4,8,0,0,14
6450,"Eklutna ANVSA, AK",73,10,5,1,1,0,1,10,1,2,13,27,14,1,0,2,3,0,2,6,1,0,9,0,36,0,0,0,28
6455,"Ekuk ANVSA, AK",0,20,10,4,12,13,0,0,0,0,0,0,0,0,0,0,0,0,0,0,0,0,0,0,0,0,0,0,0
6460,"Ekwok ANVSA, AK",51,11,3,2,2,0,0,6,2,3,13,16,3,0,6,2,0,0,0,2,5,1,1,0,46,0,0,0,4
6470,"Elim ANVSA, AK",293,22,36,10,0,0,1,12,17,0,51,106,13,26,32,13,1,1,5,6,2,4,5,0,285,0,0,0,3
6480,"Emmonak ANVSA, AK",1293,35,84,24,0,5,0,86,40,52,241,485,92,108,26,25,0,23,37,41,11,10,8,68,1068,0,0,0,149
6490,"Evansville ANVSA, AK",27,13,6,2,0,0,7,13,13,3,2,20,0,0,0,0,0,3,3,1,0,0,18,0,7,0,0,0,2
6495,"Eyak ANVSA, AK",262,21,81,7,3,0,0,4,14,2,100,122,5,13,4,0,10,9,2,0,11,7,170,0,4,14,14,13,47
6500,"False Pass ANVSA, AK",103,13,6,7,0,4,0,21,4,13,16,50,10,2,0,11,0,3,0,0,0,0,17,0,75,0,0,11,0
6515,"Fort Yukon ANVSA, AK",476,52,94,29,26,20,2,170,70,54,114,182,17,2,17,11,5,11,8,22,6,0,30,5,366,10,0,0,65
6520,"Gakona ANVSA, AK",122,11,20,17,6,8,3,0,7,5,24,55,4,2,14,4,2,5,0,8,0,0,92,0,27,0,0,0,3
6525,"Galena ANVSA, AK",627,132,80,11,2,0,0,90,28,42,159,202,19,34,25,16,1,1,18,12,6,7,171,0,409,5,2,0,40
6530,"Gambell ANVSA, AK",426,34,31,3,6,16,16,38,24,5,83,165,17,15,22,12,4,4,7,9,13,4,13,0,396,0,2,0,15
6535,"Georgetown ANVSA, AK",6,3,2,0,0,0,0,0,0,0,2,4,0,0,0,0,0,2,0,0,0,0,0,0,6,0,0,0,0
6540,"Golovin ANVSA, AK",185,27,27,8,0,0,2,8,19,0,49,80,7,7,16,11,1,7,0,9,0,2,7,0,173,0,0,0,5
6545,"Goodnews Bay ANVSA, AK",118,6,3,3,0,5,0,3,3,3,27,32,9,7,0,3,0,0,1,4,0,1,6,0,98,0,0,0,14
6550,"Grayling ANVSA, AK",210,25,21,10,0,0,3,29,21,2,45,79,12,6,19,2,3,0,0,4,6,2,0,0,202,0,2,6,0
6560,"Gulkana ANVSA, AK",79,8,19,17,3,1,0,17,12,11,12,32,0,0,0,4,0,5,2,3,0,0,17,0,60,0,0,0,2
6570,"Hamilton ANVSA, AK",0,0,0,0,0,0,0,0,0,0,0,0,0,0,0,0,0,0,0,0,0,0,0,0,0,0,0,0,0
6575,"Healy Lake ANVSA, AK",26,10,1,4,1,0,0,9,4,0,6,10,6,0,0,0,0,0,4,4,0,0,0,0,26,0,0,0,0
6585,"Holy Cross ANVSA, AK",277,59,38,3,4,0,2,32,41,2,47,134,13,7,27,27,6,13,2,9,6,17,13,0,254,0,0,0,10
6590,"Hoonah ANVSA, AK",896,92,112,12,4,48,5,100,53,28,166,500,26,23,15,3,19,30,54,69,5,27,323,9,302,19,4,0,239
6595,"Hooper Bay ANVSA, AK",801,34,44,12,13,3,0,31,5,0,139,240,53,43,24,10,15,6,25,14,10,5,64,0,662,7,0,55,13
6605,"Hughes ANVSA, AK",34,6,7,2,0,2,0,19,6,5,7,14,0,2,2,0,0,0,0,3,1,0,0,0,34,0,0,0,0
6610,"Huslia ANVSA, AK",182,22,13,1,0,0,0,30,11,17,35,46,7,20,12,3,0,0,5,0,3,3,11,0,146,0,0,0,25
6615,"Hydaburg ANVSA, AK",328,30,51,13,6,1,8,33,23,12,88,148,11,4,7,12,12,4,11,6,2,12,49,2,217,0,14,0,46
6620,"Igiugig ANVSA, AK",69,17,5,1,0,0,0,11,3,0,23,15,0,1,2,4,0,0,0,0,0,3,5,0,53,0,0,0,11
6625,"Iliamna ANVSA, AK",28,9,7,0,0,4,1,1,1,3,11,9,0,1,0,0,0,0,0,5,0,1,7,0,21,0,0,0,0
6630,"Inalik ANVSA, AK",47,6,16,0,0,2,0,10,7,3,10,19,1,2,2,0,0,1,8,0,1,0,0,0,47,0,0,0,0
6650,"Ivanof Bay ANVSA, AK",0,10,1,1,0,0,0,0,0,0,0,0,0,0,0,0,0,0,0,0,0,0,0,0,0,0,0,0,0
6670,"Kake ANVSA, AK",473,70,76,18,14,5,3,51,26,14,123,174,19,20,14,13,5,10,14,10,5,6,88,1,255,5,0,0,124
6680,"Kaktovik ANVSA, AK",201,43,14,4,1,0,0,5,6,2,49,91,7,7,10,9,2,0,11,2,9,1,5,0,187,0,0,0,9
6685,"Kalskag ANVSA, AK",253,16,15,4,6,0,0,22,7,2,46,80,11,28,15,7,0,2,6,9,4,6,17,2,216,0,0,0,18
6690,"Kaltag ANVSA, AK",197,32,20,14,1,0,0,22,15,7,47,107,0,5,3,6,3,0,19,2,5,17,41,0,145,0,0,0,11
6700,"Karluk ANVSA, AK",27,18,5,1,0,0,1,10,0,0,11,18,0,0,0,0,0,0,1,0,0,0,0,0,22,0,0,0,5
6705,"Kasaan ANVSA, AK",82,20,2,1,9,0,0,1,9,0,23,45,2,3,6,0,5,5,7,17,0,3,41,0,28,9,0,0,4
6710,"Kasigluk ANVSA, AK",389,33,27,7,0,1,0,13,11,5,54,139,25,14,22,18,2,0,8,12,10,6,6,0,383,0,0,0,0
6720,"Kenaitze ANVSA, AK",35291,4014,3794,1251,411,48,40,1597,2672,1783,8206,14444,977,1126,1235,713,538,731,1114,1204,632,864,28142,301,2229,655,27,790,3147
6725,"Ketchikan ANVSA, AK",13264,1022,1500,474,738,285,737,398,771,723,3429,5539,397,474,358,242,161,300,412,562,196,249,8586,91,1764,1179,29,217,1398
6730,"Kiana ANVSA, AK",424,38,48,4,0,2,0,15,3,4,83,156,9,27,24,12,2,2,11,10,3,7,20,0,404,0,0,0,0
6735,"King Cove ANVSA, AK",1108,177,62,33,17,17,17,141,89,52,177,534,28,25,50,22,7,11,43,55,23,14,140,3,546,255,0,43,121
6740,"King Salmon ANVSA, AK",109,20,22,14,1,0,1,14,12,5,33,54,7,2,1,3,0,4,14,5,1,3,45,0,55,0,0,0,9
6750,"Kipnuk ANVSA, AK",572,27,34,14,2,0,10,23,17,4,114,195,30,23,27,18,3,5,20,23,12,4,3,3,553,0,0,0,13
6755,"Kivalina ANVSA, AK",769,42,60,8,2,4,0,16,13,4,123,258,51,79,64,15,0,0,25,26,2,6,15,0,738,0,0,0,16
6765,"Klawock ANVSA, AK",637,80,90,3,5,11,4,102,63,34,135,307,11,38,30,9,9,21,36,24,3,9,193,4,281,7,0,0,152
6785,"Knik ANVSA, AK",82273,8362,4859,1426,478,138,136,2380,3874,2928,21091,33185,2702,3133,3422,1959,958,1412,2617,2540,1073,1886,65375,1091,4870,1585,309,1023,8020
6790,"Kobuk ANVSA, AK",133,13,11,5,0,0,0,13,8,0,23,40,13,9,5,3,0,2,1,0,0,2,4,0,120,0,0,0,9
6795,"Kodiak ANVSA, AK",0,0,0,6,0,0,0,0,0,0,0,0,0,0,0,0,0,0,0,0,0,0,0,0,0,0,0,0,0
6800,"Kokhanok ANVSA, AK",115,28,8,5,2,0,0,13,4,6,32,27,5,6,5,0,3,0,0,2,0,2,25,0,80,0,0,0,10
6810,"Kongiganak ANVSA, AK",353,18,10,2,0,0,0,19,10,0,55,144,16,29,22,10,5,2,6,18,9,6,0,0,348,0,0,0,5
6815,"Kotlik ANVSA, AK",1272,80,79,22,2,0,0,72,26,9,199,332,98,107,118,22,7,4,34,18,17,0,4,0,1249,4,0,0,15
6820,"Kotzebue ANVSA, AK",3088,438,204,83,58,21,4,77,137,99,545,1091,124,131,134,81,8,37,95,88,61,82,521,88,2019,65,11,18,366
6825,"Koyuk ANVSA, AK",300,38,27,11,3,0,0,21,7,4,74,118,21,11,30,11,4,3,6,9,5,0,4,0,294,0,0,0,2
6830,"Koyukuk ANVSA, AK",74,19,27,0,2,0,0,29,14,19,15,29,0,0,4,0,0,0,4,0,0,0,0,0,69,0,0,0,5
6835,"Kwethluk ANVSA, AK",561,22,39,16,0,0,4,22,15,2,96,202,39,41,26,19,0,0,21,24,6,9,8,0,538,6,0,0,9
6840,"Kwigillingok ANVSA, AK",589,43,31,2,0,0,0,32,6,0,115,182,45,19,24,34,2,3,6,19,6,15,6,0,582,0,0,0,1
6845,"Kwinhagak ANVSA, AK",1079,51,97,17,2,3,3,56,33,10,189,367,49,43,68,43,8,7,12,28,20,12,20,0,980,1,3,0,75
6850,"Lake Minchumina ANVSA, AK",11,6,11,2,0,4,0,5,3,0,2,7,0,0,0,0,1,0,0,0,0,3,11,0,0,0,0,0,0
6855,"Larsen Bay ANVSA, AK",46,35,21,10,2,0,0,3,8,3,7,25,2,0,0,0,3,0,0,7,0,2,20,2,11,7,0,0,6
6860,"Lesnoi ANVSA, AK",0,0,0,0,0,0,0,0,0,0,0,0,0,0,0,0,0,0,0,0,0,0,0,0,0,0,0,0,0
6865,"Levelock ANVSA, AK",28,27,5,2,0,0,1,3,5,0,11,15,0,0,1,0,0,0,1,1,0,0,2,0,26,0,0,0,0
6875,"Lime Village ANVSA, AK",9,6,6,2,0,0,0,4,2,0,2,6,0,0,0,0,2,0,0,0,0,0,0,0,7,0,0,0,2
6890,"Lower Kalskag ANVSA, AK",261,28,13,5,0,0,0,25,5,2,48,78,20,24,24,2,0,8,4,5,0,8,8,0,249,0,0,0,4
6895,"McGrath ANVSA, AK",226,46,49,14,8,19,2,40,7,17,69,65,4,0,9,4,3,12,2,8,1,2,73,3,110,0,0,0,40
6900,"Manley Hot Springs ANVSA, AK",17,16,12,4,5,0,8,2,1,5,6,5,0,0,0,0,0,0,3,1,0,1,14,0,3,0,0,0,0
6905,"Manokotak ANVSA, AK",629,54,43,8,5,3,0,60,11,1,126,222,27,35,16,19,4,7,15,27,4,4,45,0,562,0,0,0,22
6910,"Marshall ANVSA, AK",215,6,14,3,0,0,0,0,0,0,30,69,14,13,18,7,0,4,8,5,0,0,0,0,215,0,0,0,0
6915,"Mary's Igloo ANVSA, AK",0,0,0,0,0,0,0,0,0,0,0,0,0,0,0,0,0,0,0,0,0,0,0,0,0,0,0,0,0
6935,"Mekoryuk ANVSA, AK",315,67,28,17,0,0,2,41,41,5,78,124,14,15,11,5,6,5,15,39,15,8,4,0,307,0,0,0,4
6945,"Mentasta Lake ANVSA, AK",129,25,22,6,2,0,0,25,8,3,27,46,9,10,6,0,0,4,0,5,0,2,0,0,129,0,0,0,0
6965,"Minto ANVSA, AK",113,39,10,0,0,0,0,32,15,0,24,50,0,17,0,6,0,5,0,8,0,2,6,0,94,0,0,0,13
6975,"Mountain Village ANVSA, AK",884,100,54,8,0,0,2,57,0,0,174,299,28,77,35,47,4,0,12,19,10,35,0,0,865,0,0,9,10
6990,"Naknek ANVSA, AK",418,74,142,39,7,12,19,21,19,9,80,232,8,12,8,2,4,3,6,14,30,14,183,0,148,27,5,11,44
6995,"Nanwalek ANVSA, AK",172,33,12,0,0,0,0,8,0,0,35,51,0,0,4,3,4,3,0,6,7,4,15,0,123,0,0,5,29
7005,"Napaimute ANVSA, AK",1,4,2,0,0,0,0,0,1,0,0,1,0,0,0,0,0,0,1,0,0,0,1,0,0,0,0,0,0
7010,"Napakiak ANVSA, AK",692,54,51,18,4,1,0,53,24,6,144,210,30,68,32,6,5,8,23,21,11,17,3,0,686,0,0,0,3
7020,"Napaskiak ANVSA, AK",582,42,51,17,10,0,0,60,11,0,111,189,49,33,32,28,25,7,6,12,3,0,1,0,564,0,0,0,17
7025,"Nelson Lagoon ANVSA, AK",94,25,12,1,3,0,0,12,1,0,26,58,0,0,0,0,3,0,10,3,0,4,17,0,77,0,0,0,0
7030,"Nenana ANVSA, AK",508,97,39,34,33,0,2,41,43,28,121,156,25,16,16,7,3,12,20,18,4,5,273,0,182,0,0,0,53
7035,"Newhalen ANVSA, AK",92,20,3,1,0,0,0,6,2,1,25,26,2,12,6,1,0,0,0,2,1,4,5,0,81,0,0,0,6
7040,"New Koliganek ANVSA, AK",234,19,10,6,0,0,0,19,7,2,48,68,10,13,25,11,3,9,8,4,2,4,3,0,228,0,0,0,3
7050,"New Stuyahok ANVSA, AK",603,42,28,4,0,0,1,45,8,7,102,243,22,29,31,11,5,7,15,13,1,7,10,63,468,6,0,0,56
7055,"Newtok ANVSA, AK",96,4,10,9,5,2,0,8,7,4,16,42,3,5,3,3,4,2,2,0,3,0,0,0,92,0,0,0,4
7065,"Nightmute ANVSA, AK",70,4,8,3,2,0,0,4,0,2,14,35,0,6,0,3,0,2,7,3,0,0,0,0,54,0,0,0,16
7070,"Nikolai ANVSA, AK",87,17,23,12,0,3,0,35,12,13,20,37,5,6,0,0,3,0,6,1,1,1,1,2,50,0,0,9,25
7075,"Nikolski ANVSA, AK",12,3,1,0,0,0,1,1,0,1,1,1,0,2,2,0,0,0,0,0,0,0,0,0,12,0,0,0,0
7080,"Ninilchik ANVSA, AK",16657,2273,1498,385,250,58,43,740,1351,929,4022,7038,490,347,604,267,282,368,507,585,295,419,13862,21,979,294,44,153,1304
7085,"Noatak ANVSA, AK",536,19,16,10,0,0,0,15,7,1,94,216,22,28,51,16,7,4,17,8,10,15,6,4,526,0,0,0,0
7095,"Nome ANVSA, AK",3872,710,339,101,128,33,97,96,209,134,787,1422,147,131,210,62,18,27,152,153,36,42,1029,68,2083,111,0,21,560
7100,"Nondalton ANVSA, AK",40,11,7,14,11,2,0,6,5,1,12,20,0,0,0,0,4,1,2,2,5,0,6,3,31,0,0,0,0
7110,"Noorvik ANVSA, AK",654,17,59,16,0,0,0,25,11,3,100,236,36,38,42,26,2,6,21,15,5,23,13,0,590,33,0,0,18
7115,"Northway ANVSA, AK",252,37,22,16,12,4,0,39,14,7,29,93,8,30,4,5,16,0,13,4,0,0,41,0,184,0,0,0,27
7125,"Nuiqsut ANVSA, AK",564,42,59,2,0,0,0,37,10,5,91,132,51,17,21,17,2,15,13,7,2,4,87,0,450,0,0,0,27
7130,"Nulato ANVSA, AK",249,86,6,2,0,0,0,36,0,13,57,118,8,4,7,6,1,6,9,5,2,7,19,0,230,0,0,0,0
7133,"Nunam Iqua ANVSA, AK",59,15,4,0,0,0,0,3,0,3,13,21,9,3,0,0,0,3,0,0,0,0,0,0,59,0,0,0,0
7135,"Nunapitchuk ANVSA, AK",827,29,38,9,13,0,0,67,18,0,135,246,65,52,35,14,7,24,9,22,7,14,0,0,816,0,0,0,11
7145,"Ohogamiut ANVSA, AK",0,0,0,0,0,0,0,0,0,0,0,0,0,0,0,0,0,0,0,0,0,0,0,0,0,0,0,0,0
7150,"Old Harbor ANVSA, AK",155,32,48,27,0,0,0,30,22,8,41,63,14,7,1,0,1,1,7,15,6,3,29,0,98,0,2,0,26
7175,"Oscarville ANVSA, AK",88,15,3,3,0,0,0,6,6,0,14,33,6,2,2,0,0,0,3,3,0,0,1,0,87,0,0,0,0
7180,"Ouzinkie ANVSA, AK",95,23,31,13,3,0,10,5,8,0,34,36,0,6,0,5,0,4,3,2,3,6,6,1,42,0,0,0,46
7185,"Paimiut ANVSA, AK",0,0,0,0,0,0,0,0,0,0,0,0,0,0,0,0,0,0,0,0,0,0,0,0,0,0,0,0,0
7205,"Pedro Bay ANVSA, AK",13,9,4,4,0,0,0,0,3,4,3,3,0,0,0,0,0,0,0,1,0,0,1,0,10,0,0,0,2
7215,"Perryville ANVSA, AK",85,10,10,2,0,0,0,7,1,5,18,18,4,4,7,1,0,0,0,5,0,2,1,0,82,0,0,0,2
7220,"Petersburg ANVSA, AK",2749,203,270,68,66,67,300,179,113,182,721,1075,84,57,102,54,50,41,53,171,24,59,1529,39,208,602,16,29,326
7225,"Pilot Point ANVSA, AK",72,32,8,3,3,0,0,12,4,4,19,30,7,3,4,2,0,5,2,3,0,0,5,0,60,0,0,0,7
7230,"Pilot Station ANVSA, AK",380,27,34,0,0,0,0,13,0,0,83,126,26,25,26,9,0,0,9,3,3,3,0,0,363,0,0,0,17
7235,"Pitkas Point ANVSA, AK",239,39,11,4,0,0,0,5,3,0,52,83,18,7,19,14,4,0,0,8,0,6,0,0,239,0,0,0,0
7245,"Platinum ANVSA, AK",23,8,2,9,0,0,0,3,3,0,3,13,0,0,0,0,0,2,3,0,0,0,0,0,23,0,0,0,0
7250,"Point Hope ANVSA, AK",649,65,51,16,2,4,0,41,14,9,118,234,55,26,26,29,11,8,17,8,4,7,15,4,551,0,0,0,79
7255,"Point Lay ANVSA, AK",172,26,11,4,0,0,0,13,13,0,30,73,6,10,5,15,0,1,3,3,0,0,6,4,155,0,0,0,7
7260,"Portage Creek ANVSA, AK",3,6,7,0,0,0,0,0,0,0,2,3,0,0,0,0,0,0,0,0,2,0,0,0,3,0,0,0,0
7263,"Port Alsworth ANVSA, AK",158,5,18,2,7,0,3,0,0,0,17,82,7,9,6,0,1,0,0,2,0,0,51,19,18,0,0,0,70
7265,"Port Graham ANVSA, AK",142,31,29,0,0,0,1,2,9,2,32,61,19,4,10,6,0,0,1,8,7,0,11,0,121,0,0,0,10
7270,"Port Heiden ANVSA, AK",63,27,6,0,1,0,0,4,9,0,19,23,2,3,4,0,2,0,3,4,2,2,9,0,54,0,0,0,0
7275,"Port Lions ANVSA, AK",124,27,3,75,0,0,0,15,19,14,29,54,1,1,0,3,3,2,4,4,0,12,47,0,54,0,0,0,23
7300,"Rampart ANVSA, AK",41,4,0,7,0,0,5,17,4,0,8,9,3,0,8,0,0,0,0,0,0,0,0,0,22,0,0,0,19
7305,"Red Devil ANVSA, AK",6,11,6,0,0,0,0,0,0,0,0,0,0,0,0,0,0,0,0,0,0,0,0,0,0,0,0,0,6
7310,"Ruby ANVSA, AK",194,28,24,4,0,4,0,45,16,4,41,67,21,12,4,3,2,17,5,4,2,2,27,0,156,0,0,0,11
7315,"Russian Mission ANVSA, AK",51,8,4,0,0,0,0,11,0,0,11,14,4,0,0,0,0,4,0,3,0,0,0,0,30,0,0,0,21
7340,"St. George ANVSA, AK",57,5,5,1,2,1,6,1,0,1,8,21,2,0,4,2,3,3,0,0,0,2,0,0,52,0,0,0,5
7375,"St. Michael ANVSA, AK",308,10,37,0,4,0,1,6,5,0,60,116,20,18,23,13,0,0,10,3,2,8,0,0,300,0,0,0,8
7390,"St. Paul ANVSA, AK",349,26,21,11,10,18,10,6,20,5,49,200,9,7,8,34,2,21,63,13,3,4,38,6,274,3,0,0,28
7400,"Salamatof ANVSA, AK",1189,108,88,32,12,0,10,28,33,55,189,744,26,10,23,20,8,26,44,80,7,28,861,19,188,7,6,9,99
7410,"Sand Point ANVSA, AK",1048,134,88,49,23,14,48,84,41,28,251,527,17,10,26,23,13,31,31,77,59,13,135,29,419,216,7,57,185
7415,"Savoonga ANVSA, AK",823,36,65,15,6,0,2,33,5,9,147,321,35,57,43,31,0,5,14,22,9,8,38,3,782,0,0,0,0
7420,"Saxman ANVSA, AK",361,28,39,6,1,2,8,34,24,10,76,171,5,12,11,2,4,7,15,8,5,9,69,0,266,0,0,0,26
7425,"Scammon Bay ANVSA, AK",506,52,16,18,8,0,0,24,17,3,102,151,56,42,25,14,0,9,4,4,7,5,1,0,496,0,0,0,9
7430,"Selawik ANVSA, AK",557,51,33,8,2,0,0,21,7,6,107,188,39,35,36,26,3,0,6,6,2,26,32,3,498,0,11,0,13
7435,"Seldovia ANVSA, AK",401,108,67,25,12,9,13,16,38,35,107,176,7,13,7,9,4,10,29,3,14,10,240,0,90,0,0,8,63
7440,"Shageluk ANVSA, AK",65,7,3,2,0,2,0,6,5,0,12,21,3,13,0,0,0,3,5,0,2,0,10,0,53,2,0,0,0
7450,"Shaktoolik ANVSA, AK",312,18,32,0,0,3,0,5,4,1,69,103,16,8,27,11,4,12,12,8,1,2,4,0,308,0,0,0,0
7465,"Shishmaref ANVSA, AK",568,67,28,3,5,8,0,15,14,4,126,222,26,32,45,16,6,10,23,5,6,5,12,0,534,12,0,0,10
7470,"Shungnak ANVSA, AK",244,17,22,2,0,2,0,9,8,2,36,81,14,12,18,0,4,4,8,5,3,2,0,0,244,0,0,0,0
7475,"Sitka ANVSA, AK",4710,377,521,316,189,114,155,278,318,339,1010,1946,135,162,188,105,53,49,138,168,59,78,2609,25,611,497,5,62,901
7485,"Skagway ANVSA, AK",1303,141,72,38,11,48,87,38,95,83,194,461,28,18,24,10,6,66,33,24,11,39,1017,40,64,29,0,0,153
7495,"Sleetmute ANVSA, AK",73,12,11,2,0,0,0,14,6,0,19,24,3,3,6,0,0,3,0,0,2,0,4,0,65,0,0,0,4
7500,"Solomon ANVSA, AK",0,11,2,0,0,0,0,0,0,0,0,0,0,0,0,0,0,0,0,0,0,0,0,0,0,0,0,0,0
7505,"South Naknek ANVSA, AK",53,6,51,7,2,9,14,8,15,1,5,26,0,0,0,0,0,2,1,4,2,3,10,0,25,0,12,0,6
7510,"Stebbins ANVSA, AK",654,20,39,3,10,0,0,27,15,8,137,214,36,37,41,20,6,11,3,41,2,7,37,29,572,3,0,3,10
7520,"Stevens Village ANVSA, AK",9,14,5,2,2,0,0,3,0,0,3,6,0,0,0,0,0,0,0,3,0,0,0,0,9,0,0,0,0
7525,"Stony River ANVSA, AK",41,6,5,2,0,0,0,5,0,0,10,11,3,4,6,0,2,0,3,0,0,1,0,6,35,0,0,0,0
7530,"Takotna ANVSA, AK",58,11,6,0,0,0,0,7,0,0,11,9,5,2,4,0,0,0,0,1,0,0,25,0,3,0,0,0,30
7535,"Tanacross ANVSA, AK",136,16,18,1,0,1,0,18,6,0,20,63,0,6,5,3,3,2,3,2,0,4,4,9,117,0,0,0,6
7540,"Tanana ANVSA, AK",214,60,16,26,12,0,0,31,23,7,48,83,13,11,6,3,6,2,4,12,0,5,21,0,181,0,0,0,12
7555,"Tatitlek ANVSA, AK",40,25,10,6,5,2,0,0,2,0,15,11,0,0,5,0,0,0,2,0,0,0,4,0,36,0,0,0,0
7560,"Tazlina ANVSA, AK",466,52,71,9,0,0,3,11,10,15,118,167,15,40,6,14,7,5,36,11,1,5,211,0,158,11,0,9,77
7565,"Telida ANVSA, AK",4,0,6,0,2,0,0,3,0,0,3,1,0,0,0,0,0,0,0,1,0,0,0,0,4,0,0,0,0
7570,"Teller ANVSA, AK",279,19,38,7,1,0,0,37,10,0,73,101,4,10,25,16,2,0,8,12,3,2,1,3,275,0,0,0,0
7580,"Tetlin ANVSA, AK",201,16,14,3,0,3,0,40,25,1,27,92,22,5,24,6,0,3,5,5,0,0,0,0,201,0,0,0,0
7605,"Togiak ANVSA, AK",842,63,97,13,9,4,0,42,38,15,178,386,42,26,24,21,12,8,13,37,6,12,91,1,710,12,0,0,28
7625,"Toksook Bay ANVSA, AK",914,33,71,27,0,2,2,36,16,2,163,304,79,49,13,16,8,7,42,33,4,13,12,2,879,0,0,0,21
7630,"Tuluksak ANVSA, AK",456,7,20,6,2,0,0,10,2,3,18,396,6,3,4,6,0,4,161,9,0,0,361,0,89,0,0,0,6
7640,"Tuntutuliak ANVSA, AK",820,57,34,6,2,0,0,26,12,7,110,193,40,49,23,31,2,4,11,15,3,10,2,0,815,0,0,0,3
7645,"Tununak ANVSA, AK",450,18,27,6,5,0,0,25,0,0,78,163,41,48,12,6,2,2,15,18,7,7,0,0,424,4,0,0,22
7650,"Twin Hills ANVSA, AK",53,1,9,2,0,0,0,4,2,1,8,21,6,2,2,0,0,4,2,4,0,0,1,0,47,0,0,0,5
7655,"Tyonek ANVSA, AK",274,12,37,89,10,0,0,30,42,6,61,145,4,6,7,9,0,3,22,6,7,14,4,0,204,0,8,15,43
7665,"Ugashik ANVSA, AK",0,8,8,2,0,3,0,0,0,0,0,0,0,0,0,0,0,0,0,0,0,0,0,0,0,0,0,0,0
7690,"Unalakleet ANVSA, AK",752,64,65,20,10,2,5,30,8,7,139,283,15,15,26,11,10,2,12,74,0,4,199,0,504,4,0,0,45
7695,"Unalaska ANVSA, AK",4342,221,119,24,7,85,16,93,184,66,447,2519,83,104,82,79,58,52,420,235,45,33,1081,160,104,2057,183,278,479
7705,"Uyak ANVSA, AK",0,0,0,0,0,0,0,0,0,0,0,0,0,0,0,0,0,0,0,0,0,0,0,0,0,0,0,0,0
7725,"Venetie ANVSA, AK",109,24,18,1,0,0,0,21,10,0,29,49,0,4,3,2,9,7,0,0,0,5,0,0,97,0,0,9,3
7735,"Wainwright ANVSA, AK",621,47,36,29,17,0,8,29,18,14,98,306,10,21,20,31,14,5,21,13,11,2,147,0,463,0,0,0,11
7740,"Wales ANVSA, AK",294,20,42,7,5,0,0,30,17,0,67,112,18,28,17,7,2,4,6,4,13,10,0,0,294,0,0,0,0
7745,"White Mountain ANVSA, AK",194,29,25,7,3,0,1,24,8,8,53,80,7,8,2,2,0,0,6,3,2,3,5,0,185,0,0,0,4
7755,"Wrangell ANVSA, AK",1362,116,225,64,54,24,133,80,120,90,303,502,64,52,47,28,22,34,33,43,17,39,741,1,354,18,46,3,199
7765,"Yakutat ANVSA, AK",564,64,128,19,7,2,20,37,48,15,160,293,21,13,10,16,13,4,37,18,8,9,173,12,147,114,12,8,98
8100,"Cayuga Nation TDSA, NY",3248,136,170,145,114,150,406,155,181,163,806,1312,109,87,138,80,76,35,90,111,54,74,3100,25,5,23,0,19,76
8150,"Chickahominy TDSA, VA",3971,296,272,133,99,66,72,429,218,236,1061,1651,109,77,104,81,63,142,126,233,81,79,1789,1561,359,1,0,22,239
8160,"Eastern Chickahominy TDSA, VA",369,21,7,0,2,5,5,14,6,8,96,176,7,4,44,22,0,1,22,11,1,13,161,23,135,2,0,0,48
8300,"Ione Band of Miwok TDSA, CA",81,0,6,0,0,0,0,0,0,0,9,34,0,0,0,0,0,0,0,0,0,0,62,0,0,0,0,16,3
8450,"Mechoopda TDSA, CA",3589,379,308,29,29,17,37,100,173,194,733,1269,133,169,117,71,28,52,64,50,25,31,2442,195,42,197,2,283,428
8700,"Rappahannock TDSA, VA",2213,217,41,57,20,34,20,281,35,117,542,817,60,112,118,10,47,11,4,165,42,28,807,1148,62,6,0,35,155
8750,"Samish TDSA, WA",41399,3690,4111,1685,1500,625,2197,1125,2503,3156,11971,17677,718,941,951,595,731,1112,1095,1345,629,1037,36913,265,296,668,73,799,2385
9100,"Golden Hill Paugussett (state) Reservation, CT",0,0,0,0,0,0,0,0,0,0,0,0,0,0,0,0,0,0,0,0,0,0,0,0,0,0,0,0,0
9150,"Hassanamisco (state) Reservation, MA",7,0,1,0,0,0,0,0,0,0,1,3,0,0,0,0,1,0,0,0,0,0,7,0,0,0,0,0,0
9230,"Mattaponi (state) Reservation, VA",51,1,3,1,1,1,5,10,4,6,15,26,1,0,0,1,0,0,3,10,0,0,18,0,29,0,0,0,4
9240,"MOWA Choctaw (state) Reservation, AL",140,9,2,2,0,0,0,12,24,3,29,63,0,4,2,0,1,3,0,2,0,0,40,0,78,1,0,0,21
9260,"Pamunkey (state) Reservation, VA",103,6,1,4,0,0,7,15,14,7,30,47,4,2,1,1,1,1,2,8,8,2,34,4,47,0,0,2,16
9280,"Paucatuck Eastern Pequot (state) Reservation, CT",27,5,4,2,2,0,3,3,3,0,10,14,0,0,0,0,2,2,0,3,1,1,11,1,6,0,0,0,9
9300,"Poospatuck (state) Reservation, NY",619,17,69,15,10,2,7,28,26,14,184,205,34,59,23,7,5,15,8,25,14,28,98,185,259,8,0,0,69
9350,"Schaghticoke (state) Reservation, CT",0,0,0,0,0,0,0,0,0,0,0,0,0,0,0,0,0,0,0,0,0,0,0,0,0,0,0,0,0
9370,"Shinnecock (state) Reservation, NY",222,26,33,0,10,5,6,26,33,16,66,111,0,0,0,0,6,28,6,0,0,6,8,0,185,29,0,0,0
9400,"Tama (state) Reservation, GA",2,0,0,0,0,0,0,0,0,0,1,0,0,0,0,0,0,0,0,0,0,0,0,0,2,0,0,0,0
9510,"Adai Caddo SDTSA, LA",2638,355,215,96,96,64,49,471,170,299,567,962,86,98,119,24,33,22,85,76,24,45,1874,452,90,0,0,121,101
9515,"Apache Choctaw SDTSA, LA",6353,694,598,270,237,68,95,442,348,308,1523,2576,235,205,233,159,80,152,264,140,49,154,3295,792,883,22,0,33,1328
9520,"Bayou Lafourche SDTSA, LA",14485,1037,1122,1045,838,250,352,1267,501,1201,3784,5628,377,363,586,338,103,121,402,787,293,167,11857,405,648,16,2,296,1261
9525,"Beaver Creek SDTSA, SC",967,93,113,56,28,16,74,89,72,59,231,298,44,74,42,30,10,6,26,17,4,22,203,740,1,0,0,2,21
9550,"Cher-O-Creek SDTSA, AL",85286,5794,7661,4974,3696,1820,1254,5064,4694,6283,21240,32029,2711,2772,2949,1703,888,1373,2630,2619,1038,1646,52690,27184,271,874,39,610,3618
9560,"Cherokee Tribe of Northeast Alabama SDTSA, AL",14445,812,967,891,568,354,254,545,689,801,3433,5367,766,576,637,435,178,164,398,447,176,216,12370,235,67,160,0,653,960
9630,"Clifton Choctaw SDTSA, LA",435,47,42,45,19,12,4,62,20,59,107,164,1,5,11,11,3,5,21,12,15,3,281,3,113,0,0,9,29
9635,"Coharie SDTSA, NC",62979,3105,4784,2592,1930,1113,1884,3656,3144,4040,14830,23883,2539,2045,2207,1259,585,891,1963,1920,742,1265,34885,17790,1379,703,67,4330,3825
9680,"Echota Cherokee SDTSA, AL",58920,4103,2617,1790,986,447,350,2971,2336,2285,16403,23066,1869,2099,1958,1439,496,1136,1760,2519,1093,883,45636,7253,1677,496,20,433,3405
9690,"Edisto Natchez Kusso SDTSA, SC",4596,161,378,154,11,3,21,347,231,152,1163,1977,91,82,161,138,18,56,297,170,61,36,2576,1102,188,0,0,265,465
9720,"Four Winds Cherokee SDTSA, LA",29457,2439,2676,1656,1052,633,818,1594,1817,1941,7393,11606,935,1118,865,556,276,328,914,814,302,519,18856,6906,370,533,191,575,2026
9730,"Georgia Tribe of Eastern Cherokee SDTSA, GA",7187,300,109,25,1,6,12,269,216,294,1827,2950,163,155,312,175,86,186,303,156,83,130,6494,41,17,140,0,179,316
9735,"Grand Caillou/Dulac SDTSA, LA",9380,755,814,622,367,223,193,656,539,285,2283,3894,98,242,620,457,50,87,187,298,157,248,6112,558,1611,446,0,119,534
9745,"Haliwa-Saponi SDTSA, NC",7540,723,533,203,201,116,143,1135,373,553,2016,3042,162,162,211,109,83,168,192,220,108,127,1029,3899,2023,134,12,17,426
9775,"Isle de Jean Charles SDTSA, LA",580,6,55,19,30,17,95,124,116,47,135,289,48,4,0,35,9,6,19,122,0,13,81,349,44,0,0,80,26
9800,"Lenape Indian Tribe of Delaware SDTSA, DE",578,59,20,109,73,6,12,89,29,47,187,270,9,7,11,10,17,11,13,14,6,14,321,76,133,5,0,13,30
9815,"Lumbee SDTSA, NC",511395,33449,37961,22377,12808,5694,6071,26890,28837,34747,121420,188766,18473,18617,18094,10735,4377,6276,13733,14315,5694,7520,200537,178644,58945,9304,1163,25532,37270
9820,"MaChis Lower Creek SDTSA, AL",22281,1314,1828,1164,757,334,627,1575,1140,1245,5715,8930,567,627,917,510,198,344,967,861,351,490,18708,1416,228,142,6,561,1220
9825,"Meherrin SDTSA, NC",7432,369,742,584,593,289,371,618,446,745,1792,2800,242,130,222,191,101,138,160,225,175,124,1803,4770,213,211,11,175,249
9830,"Nanticoke Indian Tribe SDTSA, DE",10371,660,270,130,214,70,66,286,334,704,3159,4578,206,246,198,122,202,291,317,432,171,356,7721,864,215,437,0,268,866
9835,"Nanticoke Lenni Lenape SDTSA, NJ",5511,181,370,290,329,183,305,280,276,266,1237,2123,292,144,233,89,45,71,157,228,54,121,1380,2961,315,27,5,334,489
9836,"Natchitoches SDTSA, LA",26432,2419,2756,828,619,319,763,1757,1537,1626,5193,9750,880,829,837,612,220,368,443,472,254,374,11629,12953,66,209,0,498,1077
9838,"Occaneechi-Saponi SDTSA, NC",9156,489,430,278,267,121,223,458,360,403,2525,3647,272,312,262,191,85,149,347,347,150,203,6035,1924,113,44,11,681,348
9844,"Pee Dee SDTSA, SC",2867,124,135,46,45,23,122,240,122,106,450,1678,29,23,80,83,27,27,121,85,54,79,1160,1428,114,15,0,24,126
9849,"Pointe-au-Chien SDTSA, LA",4643,288,245,161,180,103,275,318,212,303,1241,2151,110,90,82,199,29,101,218,121,211,144,4046,23,396,0,6,54,118
9850,"Ramapough SDTSA, NJ",863,19,20,17,50,19,68,13,21,35,198,328,31,21,24,11,5,11,22,35,7,7,532,81,94,78,0,4,74
9865,"Sappony SDTSA, NC",2524,153,150,168,175,80,48,265,113,285,713,942,61,43,70,36,37,25,81,92,43,50,1762,557,30,8,4,7,156
9875,"Santee SDTSA, SC",534,50,35,18,10,3,20,61,29,16,128,176,8,21,62,19,6,8,7,19,6,20,224,204,90,0,0,0,16
9880,"Southeastern Mvskoke Nation SDTSA, AL",6133,601,686,259,281,120,200,559,289,505,1329,2219,179,285,193,193,90,98,143,175,65,85,3232,2449,17,18,0,61,356
9950,"United Cherokee Ani-Yun-Wiya Nation SDTSA, AL",6804,421,602,457,334,164,158,304,293,490,1744,2711,251,209,271,178,37,217,292,177,83,141,5364,651,21,75,0,115,578
9960,"United Houma Nation SDTSA, LA",184662,9939,15234,11003,7230,3341,3351,9102,7954,9907,47386,70233,6553,6077,6826,3464,1953,2454,5846,5677,2537,3281,130129,33766,5436,1748,18,3233,10332
9963,"Upper South Carolina Pee Dee SDTSA, SC",1859,125,119,52,17,5,23,262,68,77,413,727,30,77,63,82,23,19,85,59,23,25,848,617,275,0,0,46,73
9967,"Waccamaw SDTSA, SC",54,0,11,0,0,0,0,5,4,0,9,23,0,0,3,0,4,5,0,0,0,1,50,0,4,0,0,0,0
9970,"Waccamaw Siouan SDTSA, NC",1823,133,136,43,21,20,22,140,60,93,497,754,53,38,76,38,66,21,21,75,33,32,378,148,1158,14,0,15,110
9975,"Wassamasaw SDTSA, SC",7128,244,246,52,28,10,9,257,273,443,1923,2571,224,242,235,235,20,56,109,282,77,123,4231,1937,27,343,2,247,341
