<?xml version="1.0" encoding="UTF-8"?>
<metadata xml:lang="en"><Esri><CreaDate>20250512</CreaDate><CreaTime>22053100</CreaTime><ArcGISFormat>1.0</ArcGISFormat><SyncOnce>TRUE</SyncOnce><DataProperties><lineage><Process ToolSource="c:\program files\arcgis\pro\Resources\ArcToolbox\toolboxes\Spatial Analyst Tools.tbx\ZonalStatisticsAsTable" Date="20250512" Time="220531">ZonalStatisticsAsTable C:\GITHUB\CCSVI\Scripts\Spatial_Analysis\input\cbg_kontur.shp GEOIDFQ C:\GITHUB\CCSVI\Scripts\Spatial_Analysis\input\environmental\staterf_inann.tif C:\GITHUB\CCSVI\Scripts\Spatial_Analysis\output\staterf_inann_mean.dbf DATA MEAN CURRENT_SLICE 90 AUTO_DETECT ARITHMETIC 360 #</Process></lineage></DataProperties></Esri></metadata>
